-- phpMyAdmin SQL Dump
-- version 5.2.0
-- https://www.phpmyadmin.net/
--
-- Host: 127.0.0.1
-- Generation Time: Dec 30, 2025 at 08:21 AM
-- Server version: 10.4.27-MariaDB
-- PHP Version: 8.2.0

SET SQL_MODE = "NO_AUTO_VALUE_ON_ZERO";
START TRANSACTION;
SET time_zone = "+00:00";


/*!40101 SET @OLD_CHARACTER_SET_CLIENT=@@CHARACTER_SET_CLIENT */;
/*!40101 SET @OLD_CHARACTER_SET_RESULTS=@@CHARACTER_SET_RESULTS */;
/*!40101 SET @OLD_COLLATION_CONNECTION=@@COLLATION_CONNECTION */;
/*!40101 SET NAMES utf8mb4 */;

--
-- Database: `nongsan`
--

-- --------------------------------------------------------

--
-- Table structure for table `activity_logs`
--

CREATE TABLE `activity_logs` (
  `id` bigint(20) UNSIGNED NOT NULL,
  `activity_type` varchar(255) NOT NULL COMMENT 'view, add_to_cart, remove_from_cart, search, purchase',
  `user_id` bigint(20) UNSIGNED DEFAULT NULL,
  `product_id` bigint(20) UNSIGNED DEFAULT NULL,
  `search_query` varchar(255) DEFAULT NULL COMMENT 'For search tracking',
  `quantity` int(11) DEFAULT NULL COMMENT 'For cart/purchase tracking',
  `ip_address` varchar(45) DEFAULT NULL,
  `user_agent` varchar(255) DEFAULT NULL,
  `created_at` timestamp NULL DEFAULT NULL,
  `updated_at` timestamp NULL DEFAULT NULL
) ENGINE=InnoDB DEFAULT CHARSET=utf8mb4 COLLATE=utf8mb4_unicode_ci;

--
-- Dumping data for table `activity_logs`
--

INSERT INTO `activity_logs` (`id`, `activity_type`, `user_id`, `product_id`, `search_query`, `quantity`, `ip_address`, `user_agent`, `created_at`, `updated_at`) VALUES
(1, 'view', 5, 11, NULL, NULL, '127.0.0.1', 'Mozilla/5.0 (Macintosh; Intel Mac OS X 10_15_7) AppleWebKit/537.36 (KHTML, like Gecko) Chrome/143.0.0.0 Safari/537.36 Edg/143.0.0.0', '2025-12-27 17:41:36', '2025-12-27 17:41:36'),
(2, 'view', 5, 12, NULL, NULL, '127.0.0.1', 'Mozilla/5.0 (Macintosh; Intel Mac OS X 10_15_7) AppleWebKit/537.36 (KHTML, like Gecko) Chrome/143.0.0.0 Safari/537.36 Edg/143.0.0.0', '2025-12-27 17:41:39', '2025-12-27 17:41:39'),
(3, 'view', 5, 12, NULL, NULL, '127.0.0.1', 'Mozilla/5.0 (Macintosh; Intel Mac OS X 10_15_7) AppleWebKit/537.36 (KHTML, like Gecko) Chrome/143.0.0.0 Safari/537.36 Edg/143.0.0.0', '2025-12-27 17:41:44', '2025-12-27 17:41:44'),
(4, 'add_to_cart', 5, 12, NULL, 1, '127.0.0.1', 'Mozilla/5.0 (Macintosh; Intel Mac OS X 10_15_7) AppleWebKit/537.36 (KHTML, like Gecko) Chrome/143.0.0.0 Safari/537.36 Edg/143.0.0.0', '2025-12-27 17:41:48', '2025-12-27 17:41:48'),
(5, 'view', 5, 12, NULL, NULL, '127.0.0.1', 'Mozilla/5.0 (Macintosh; Intel Mac OS X 10_15_7) AppleWebKit/537.36 (KHTML, like Gecko) Chrome/143.0.0.0 Safari/537.36 Edg/143.0.0.0', '2025-12-27 17:41:59', '2025-12-27 17:41:59'),
(6, 'view', NULL, 11, NULL, NULL, '127.0.0.225', 'Mozilla/5.0', '2025-12-26 22:55:55', '2025-12-27 17:55:55'),
(7, 'view', NULL, 11, NULL, NULL, '127.0.0.32', 'Mozilla/5.0', '2025-12-24 10:55:55', '2025-12-27 17:55:55'),
(8, 'view', NULL, 11, NULL, NULL, '127.0.0.30', 'Mozilla/5.0', '2025-12-26 07:55:55', '2025-12-27 17:55:55'),
(9, 'view', NULL, 11, NULL, NULL, '127.0.0.173', 'Mozilla/5.0', '2025-12-24 08:55:55', '2025-12-27 17:55:55'),
(10, 'view', NULL, 11, NULL, NULL, '127.0.0.121', 'Mozilla/5.0', '2025-12-23 08:55:55', '2025-12-27 17:55:55'),
(11, 'view', NULL, 11, NULL, NULL, '127.0.0.236', 'Mozilla/5.0', '2025-12-23 06:55:55', '2025-12-27 17:55:55'),
(12, 'view', 4, 11, NULL, NULL, '127.0.0.94', 'Mozilla/5.0', '2025-12-21 08:55:55', '2025-12-27 17:55:55'),
(13, 'view', NULL, 11, NULL, NULL, '127.0.0.56', 'Mozilla/5.0', '2025-12-21 03:55:55', '2025-12-27 17:55:55'),
(14, 'view', NULL, 11, NULL, NULL, '127.0.0.21', 'Mozilla/5.0', '2025-12-22 00:55:55', '2025-12-27 17:55:55'),
(15, 'view', NULL, 11, NULL, NULL, '127.0.0.125', 'Mozilla/5.0', '2025-12-24 17:55:55', '2025-12-27 17:55:55'),
(16, 'view', NULL, 11, NULL, NULL, '127.0.0.4', 'Mozilla/5.0', '2025-12-20 23:55:55', '2025-12-27 17:55:55'),
(17, 'view', NULL, 11, NULL, NULL, '127.0.0.231', 'Mozilla/5.0', '2025-12-25 14:55:55', '2025-12-27 17:55:55'),
(18, 'view', 4, 11, NULL, NULL, '127.0.0.113', 'Mozilla/5.0', '2025-12-24 22:55:55', '2025-12-27 17:55:55'),
(19, 'view', NULL, 11, NULL, NULL, '127.0.0.52', 'Mozilla/5.0', '2025-12-22 17:55:55', '2025-12-27 17:55:55'),
(20, 'view', NULL, 11, NULL, NULL, '127.0.0.38', 'Mozilla/5.0', '2025-12-23 00:55:55', '2025-12-27 17:55:55'),
(21, 'view', NULL, 11, NULL, NULL, '127.0.0.172', 'Mozilla/5.0', '2025-12-23 15:55:55', '2025-12-27 17:55:55'),
(22, 'view', NULL, 11, NULL, NULL, '127.0.0.138', 'Mozilla/5.0', '2025-12-22 12:55:55', '2025-12-27 17:55:55'),
(23, 'view', NULL, 11, NULL, NULL, '127.0.0.110', 'Mozilla/5.0', '2025-12-26 12:55:55', '2025-12-27 17:55:55'),
(24, 'view', NULL, 11, NULL, NULL, '127.0.0.220', 'Mozilla/5.0', '2025-12-21 03:55:55', '2025-12-27 17:55:55'),
(25, 'view', NULL, 11, NULL, NULL, '127.0.0.185', 'Mozilla/5.0', '2025-12-20 18:55:55', '2025-12-27 17:55:55'),
(26, 'view', 3, 11, NULL, NULL, '127.0.0.172', 'Mozilla/5.0', '2025-12-22 09:55:55', '2025-12-27 17:55:55'),
(27, 'view', 4, 11, NULL, NULL, '127.0.0.111', 'Mozilla/5.0', '2025-12-26 17:55:55', '2025-12-27 17:55:55'),
(28, 'view', NULL, 11, NULL, NULL, '127.0.0.185', 'Mozilla/5.0', '2025-12-22 13:55:55', '2025-12-27 17:55:55'),
(29, 'view', NULL, 11, NULL, NULL, '127.0.0.39', 'Mozilla/5.0', '2025-12-21 23:55:55', '2025-12-27 17:55:55'),
(30, 'view', NULL, 11, NULL, NULL, '127.0.0.26', 'Mozilla/5.0', '2025-12-21 17:55:55', '2025-12-27 17:55:55'),
(31, 'view', NULL, 11, NULL, NULL, '127.0.0.147', 'Mozilla/5.0', '2025-12-23 18:55:55', '2025-12-27 17:55:55'),
(32, 'view', NULL, 11, NULL, NULL, '127.0.0.80', 'Mozilla/5.0', '2025-12-21 02:55:55', '2025-12-27 17:55:55'),
(33, 'view', NULL, 11, NULL, NULL, '127.0.0.13', 'Mozilla/5.0', '2025-12-21 12:55:55', '2025-12-27 17:55:55'),
(34, 'view', 4, 11, NULL, NULL, '127.0.0.111', 'Mozilla/5.0', '2025-12-24 13:55:55', '2025-12-27 17:55:55'),
(35, 'view', NULL, 12, NULL, NULL, '127.0.0.112', 'Mozilla/5.0', '2025-12-21 14:55:55', '2025-12-27 17:55:55'),
(36, 'view', 4, 12, NULL, NULL, '127.0.0.68', 'Mozilla/5.0', '2025-12-22 20:55:55', '2025-12-27 17:55:55'),
(37, 'view', NULL, 12, NULL, NULL, '127.0.0.43', 'Mozilla/5.0', '2025-12-25 12:55:55', '2025-12-27 17:55:55'),
(38, 'view', NULL, 12, NULL, NULL, '127.0.0.232', 'Mozilla/5.0', '2025-12-25 03:55:55', '2025-12-27 17:55:55'),
(39, 'view', NULL, 12, NULL, NULL, '127.0.0.24', 'Mozilla/5.0', '2025-12-23 04:55:55', '2025-12-27 17:55:55'),
(40, 'view', 5, 12, NULL, NULL, '127.0.0.111', 'Mozilla/5.0', '2025-12-23 11:55:55', '2025-12-27 17:55:55'),
(41, 'view', NULL, 12, NULL, NULL, '127.0.0.154', 'Mozilla/5.0', '2025-12-23 22:55:55', '2025-12-27 17:55:55'),
(42, 'view', NULL, 12, NULL, NULL, '127.0.0.72', 'Mozilla/5.0', '2025-12-24 02:55:55', '2025-12-27 17:55:55'),
(43, 'view', NULL, 12, NULL, NULL, '127.0.0.81', 'Mozilla/5.0', '2025-12-21 21:55:55', '2025-12-27 17:55:55'),
(44, 'view', NULL, 12, NULL, NULL, '127.0.0.189', 'Mozilla/5.0', '2025-12-21 20:55:55', '2025-12-27 17:55:55'),
(45, 'view', 2, 12, NULL, NULL, '127.0.0.152', 'Mozilla/5.0', '2025-12-24 15:55:55', '2025-12-27 17:55:55'),
(46, 'view', NULL, 12, NULL, NULL, '127.0.0.167', 'Mozilla/5.0', '2025-12-23 00:55:55', '2025-12-27 17:55:55'),
(47, 'view', 5, 12, NULL, NULL, '127.0.0.136', 'Mozilla/5.0', '2025-12-25 17:55:55', '2025-12-27 17:55:55'),
(48, 'view', 5, 12, NULL, NULL, '127.0.0.140', 'Mozilla/5.0', '2025-12-26 04:55:55', '2025-12-27 17:55:55'),
(49, 'view', NULL, 13, NULL, NULL, '127.0.0.126', 'Mozilla/5.0', '2025-12-24 09:55:55', '2025-12-27 17:55:55'),
(50, 'view', NULL, 13, NULL, NULL, '127.0.0.219', 'Mozilla/5.0', '2025-12-27 11:55:55', '2025-12-27 17:55:55'),
(51, 'view', 3, 13, NULL, NULL, '127.0.0.155', 'Mozilla/5.0', '2025-12-22 07:55:55', '2025-12-27 17:55:55'),
(52, 'view', NULL, 13, NULL, NULL, '127.0.0.213', 'Mozilla/5.0', '2025-12-27 08:55:55', '2025-12-27 17:55:55'),
(53, 'view', NULL, 13, NULL, NULL, '127.0.0.68', 'Mozilla/5.0', '2025-12-23 08:55:55', '2025-12-27 17:55:55'),
(54, 'view', 5, 13, NULL, NULL, '127.0.0.35', 'Mozilla/5.0', '2025-12-23 17:55:55', '2025-12-27 17:55:55'),
(55, 'view', 1, 13, NULL, NULL, '127.0.0.145', 'Mozilla/5.0', '2025-12-26 04:55:55', '2025-12-27 17:55:55'),
(56, 'view', NULL, 13, NULL, NULL, '127.0.0.109', 'Mozilla/5.0', '2025-12-21 07:55:55', '2025-12-27 17:55:55'),
(57, 'view', NULL, 13, NULL, NULL, '127.0.0.183', 'Mozilla/5.0', '2025-12-27 08:55:55', '2025-12-27 17:55:55'),
(58, 'view', 3, 13, NULL, NULL, '127.0.0.24', 'Mozilla/5.0', '2025-12-24 00:55:55', '2025-12-27 17:55:55'),
(59, 'view', NULL, 13, NULL, NULL, '127.0.0.226', 'Mozilla/5.0', '2025-12-23 11:55:55', '2025-12-27 17:55:55'),
(60, 'view', NULL, 13, NULL, NULL, '127.0.0.95', 'Mozilla/5.0', '2025-12-23 02:55:55', '2025-12-27 17:55:55'),
(61, 'view', NULL, 13, NULL, NULL, '127.0.0.89', 'Mozilla/5.0', '2025-12-21 16:55:55', '2025-12-27 17:55:55'),
(62, 'view', 5, 13, NULL, NULL, '127.0.0.91', 'Mozilla/5.0', '2025-12-25 20:55:55', '2025-12-27 17:55:55'),
(63, 'view', NULL, 13, NULL, NULL, '127.0.0.17', 'Mozilla/5.0', '2025-12-21 15:55:55', '2025-12-27 17:55:55'),
(64, 'view', 3, 13, NULL, NULL, '127.0.0.200', 'Mozilla/5.0', '2025-12-24 17:55:55', '2025-12-27 17:55:55'),
(65, 'view', 2, 13, NULL, NULL, '127.0.0.43', 'Mozilla/5.0', '2025-12-21 19:55:55', '2025-12-27 17:55:55'),
(66, 'view', 4, 13, NULL, NULL, '127.0.0.14', 'Mozilla/5.0', '2025-12-23 22:55:55', '2025-12-27 17:55:55'),
(67, 'view', NULL, 13, NULL, NULL, '127.0.0.188', 'Mozilla/5.0', '2025-12-24 07:55:55', '2025-12-27 17:55:55'),
(68, 'view', NULL, 13, NULL, NULL, '127.0.0.138', 'Mozilla/5.0', '2025-12-27 13:55:55', '2025-12-27 17:55:55'),
(69, 'view', NULL, 13, NULL, NULL, '127.0.0.90', 'Mozilla/5.0', '2025-12-22 13:55:55', '2025-12-27 17:55:55'),
(70, 'view', NULL, 13, NULL, NULL, '127.0.0.95', 'Mozilla/5.0', '2025-12-27 03:55:55', '2025-12-27 17:55:55'),
(71, 'view', 3, 13, NULL, NULL, '127.0.0.64', 'Mozilla/5.0', '2025-12-25 13:55:55', '2025-12-27 17:55:55'),
(72, 'view', 5, 13, NULL, NULL, '127.0.0.241', 'Mozilla/5.0', '2025-12-23 08:55:55', '2025-12-27 17:55:55'),
(73, 'view', NULL, 13, NULL, NULL, '127.0.0.215', 'Mozilla/5.0', '2025-12-25 07:55:55', '2025-12-27 17:55:55'),
(74, 'view', NULL, 13, NULL, NULL, '127.0.0.241', 'Mozilla/5.0', '2025-12-27 10:55:55', '2025-12-27 17:55:55'),
(75, 'view', 2, 13, NULL, NULL, '127.0.0.202', 'Mozilla/5.0', '2025-12-22 04:55:55', '2025-12-27 17:55:55'),
(76, 'view', NULL, 13, NULL, NULL, '127.0.0.208', 'Mozilla/5.0', '2025-12-25 01:55:55', '2025-12-27 17:55:55'),
(77, 'view', 1, 13, NULL, NULL, '127.0.0.242', 'Mozilla/5.0', '2025-12-24 11:55:55', '2025-12-27 17:55:55'),
(78, 'view', 1, 13, NULL, NULL, '127.0.0.82', 'Mozilla/5.0', '2025-12-24 00:55:55', '2025-12-27 17:55:55'),
(79, 'view', NULL, 13, NULL, NULL, '127.0.0.145', 'Mozilla/5.0', '2025-12-21 13:55:55', '2025-12-27 17:55:55'),
(80, 'view', 2, 13, NULL, NULL, '127.0.0.194', 'Mozilla/5.0', '2025-12-25 20:55:55', '2025-12-27 17:55:55'),
(81, 'view', NULL, 13, NULL, NULL, '127.0.0.169', 'Mozilla/5.0', '2025-12-26 20:55:55', '2025-12-27 17:55:55'),
(82, 'view', 4, 13, NULL, NULL, '127.0.0.28', 'Mozilla/5.0', '2025-12-24 18:55:55', '2025-12-27 17:55:55'),
(83, 'view', NULL, 13, NULL, NULL, '127.0.0.21', 'Mozilla/5.0', '2025-12-23 18:55:55', '2025-12-27 17:55:55'),
(84, 'view', NULL, 13, NULL, NULL, '127.0.0.134', 'Mozilla/5.0', '2025-12-27 16:55:55', '2025-12-27 17:55:55'),
(85, 'view', NULL, 13, NULL, NULL, '127.0.0.138', 'Mozilla/5.0', '2025-12-23 11:55:55', '2025-12-27 17:55:55'),
(86, 'view', 2, 13, NULL, NULL, '127.0.0.189', 'Mozilla/5.0', '2025-12-26 10:55:55', '2025-12-27 17:55:55'),
(87, 'view', NULL, 13, NULL, NULL, '127.0.0.109', 'Mozilla/5.0', '2025-12-24 00:55:55', '2025-12-27 17:55:55'),
(88, 'view', NULL, 13, NULL, NULL, '127.0.0.119', 'Mozilla/5.0', '2025-12-21 01:55:55', '2025-12-27 17:55:55'),
(89, 'view', NULL, 13, NULL, NULL, '127.0.0.198', 'Mozilla/5.0', '2025-12-26 06:55:55', '2025-12-27 17:55:55'),
(90, 'add_to_cart', 4, 11, NULL, 2, '127.0.0.2', 'Mozilla/5.0', '2025-12-25 14:55:55', '2025-12-27 17:55:55'),
(91, 'add_to_cart', NULL, 11, NULL, 3, '127.0.0.112', 'Mozilla/5.0', '2025-12-25 09:55:55', '2025-12-27 17:55:55'),
(92, 'add_to_cart', NULL, 11, NULL, 1, '127.0.0.253', 'Mozilla/5.0', '2025-12-24 22:55:55', '2025-12-27 17:55:55'),
(93, 'add_to_cart', NULL, 11, NULL, 1, '127.0.0.23', 'Mozilla/5.0', '2025-12-26 09:55:55', '2025-12-27 17:55:55'),
(94, 'add_to_cart', 3, 11, NULL, 1, '127.0.0.231', 'Mozilla/5.0', '2025-12-25 08:55:55', '2025-12-27 17:55:55'),
(95, 'add_to_cart', 1, 12, NULL, 2, '127.0.0.225', 'Mozilla/5.0', '2025-12-23 06:55:55', '2025-12-27 17:55:55'),
(96, 'add_to_cart', 2, 12, NULL, 3, '127.0.0.249', 'Mozilla/5.0', '2025-12-23 11:55:55', '2025-12-27 17:55:55'),
(97, 'add_to_cart', 3, 12, NULL, 3, '127.0.0.26', 'Mozilla/5.0', '2025-12-26 18:55:55', '2025-12-27 17:55:55'),
(98, 'add_to_cart', 5, 12, NULL, 1, '127.0.0.184', 'Mozilla/5.0', '2025-12-25 07:55:55', '2025-12-27 17:55:55'),
(99, 'add_to_cart', NULL, 13, NULL, 1, '127.0.0.14', 'Mozilla/5.0', '2025-12-22 02:55:55', '2025-12-27 17:55:55'),
(100, 'add_to_cart', 2, 13, NULL, 3, '127.0.0.219', 'Mozilla/5.0', '2025-12-26 02:55:55', '2025-12-27 17:55:55'),
(101, 'add_to_cart', 1, 13, NULL, 2, '127.0.0.190', 'Mozilla/5.0', '2025-12-24 02:55:55', '2025-12-27 17:55:55'),
(102, 'add_to_cart', 5, 13, NULL, 1, '127.0.0.254', 'Mozilla/5.0', '2025-12-27 01:55:55', '2025-12-27 17:55:55'),
(103, 'purchase', 4, 11, NULL, 1, '127.0.0.44', 'Mozilla/5.0', '2025-12-24 18:55:55', '2025-12-27 17:55:55'),
(104, 'purchase', 3, 12, NULL, 2, '127.0.0.163', 'Mozilla/5.0', '2025-12-24 19:55:55', '2025-12-27 17:55:55'),
(105, 'purchase', 2, 13, NULL, 2, '127.0.0.131', 'Mozilla/5.0', '2025-12-24 11:55:55', '2025-12-27 17:55:55'),
(106, 'search', 2, NULL, 'gạo', NULL, '127.0.0.174', 'Mozilla/5.0', '2025-12-22 03:55:55', '2025-12-27 17:55:55'),
(107, 'search', NULL, NULL, 'gạo', NULL, '127.0.0.28', 'Mozilla/5.0', '2025-12-25 11:55:55', '2025-12-27 17:55:55'),
(108, 'search', 5, NULL, 'gạo', NULL, '127.0.0.104', 'Mozilla/5.0', '2025-12-24 18:55:55', '2025-12-27 17:55:55'),
(109, 'search', NULL, NULL, 'gạo', NULL, '127.0.0.4', 'Mozilla/5.0', '2025-12-22 23:55:55', '2025-12-27 17:55:55'),
(110, 'search', 1, NULL, 'gạo', NULL, '127.0.0.12', 'Mozilla/5.0', '2025-12-25 06:55:55', '2025-12-27 17:55:55'),
(111, 'search', 3, NULL, 'gạo', NULL, '127.0.0.236', 'Mozilla/5.0', '2025-12-24 03:55:55', '2025-12-27 17:55:55'),
(112, 'search', 4, NULL, 'rau', NULL, '127.0.0.145', 'Mozilla/5.0', '2025-12-23 19:55:55', '2025-12-27 17:55:55'),
(113, 'search', NULL, NULL, 'rau', NULL, '127.0.0.165', 'Mozilla/5.0', '2025-12-21 08:55:55', '2025-12-27 17:55:55'),
(114, 'search', 2, NULL, 'rau', NULL, '127.0.0.224', 'Mozilla/5.0', '2025-12-23 08:55:55', '2025-12-27 17:55:55'),
(115, 'search', 1, NULL, 'rau', NULL, '127.0.0.193', 'Mozilla/5.0', '2025-12-24 04:55:55', '2025-12-27 17:55:55'),
(116, 'search', NULL, NULL, 'thịt', NULL, '127.0.0.164', 'Mozilla/5.0', '2025-12-22 07:55:55', '2025-12-27 17:55:55'),
(117, 'search', NULL, NULL, 'thịt', NULL, '127.0.0.17', 'Mozilla/5.0', '2025-12-20 18:55:55', '2025-12-27 17:55:55'),
(118, 'search', 1, NULL, 'thịt', NULL, '127.0.0.83', 'Mozilla/5.0', '2025-12-22 14:55:55', '2025-12-27 17:55:55'),
(119, 'search', NULL, NULL, 'thịt', NULL, '127.0.0.227', 'Mozilla/5.0', '2025-12-24 13:55:55', '2025-12-27 17:55:55'),
(120, 'search', NULL, NULL, 'thịt', NULL, '127.0.0.187', 'Mozilla/5.0', '2025-12-24 12:55:55', '2025-12-27 17:55:55'),
(121, 'search', NULL, NULL, 'cá', NULL, '127.0.0.22', 'Mozilla/5.0', '2025-12-25 00:55:55', '2025-12-27 17:55:55'),
(122, 'search', 4, NULL, 'cá', NULL, '127.0.0.155', 'Mozilla/5.0', '2025-12-25 09:55:55', '2025-12-27 17:55:55'),
(123, 'search', NULL, NULL, 'cá', NULL, '127.0.0.213', 'Mozilla/5.0', '2025-12-26 06:55:55', '2025-12-27 17:55:55'),
(124, 'search', 1, NULL, 'cá', NULL, '127.0.0.163', 'Mozilla/5.0', '2025-12-20 23:55:55', '2025-12-27 17:55:55'),
(125, 'search', 3, NULL, 'cá', NULL, '127.0.0.254', 'Mozilla/5.0', '2025-12-24 10:55:55', '2025-12-27 17:55:55'),
(126, 'search', NULL, NULL, 'cá', NULL, '127.0.0.230', 'Mozilla/5.0', '2025-12-27 01:55:55', '2025-12-27 17:55:55'),
(127, 'search', 3, NULL, 'trái cây', NULL, '127.0.0.241', 'Mozilla/5.0', '2025-12-23 09:55:55', '2025-12-27 17:55:55'),
(128, 'search', NULL, NULL, 'trái cây', NULL, '127.0.0.16', 'Mozilla/5.0', '2025-12-24 05:55:55', '2025-12-27 17:55:55'),
(129, 'search', 1, NULL, 'trái cây', NULL, '127.0.0.225', 'Mozilla/5.0', '2025-12-25 13:55:55', '2025-12-27 17:55:55'),
(130, 'search', 3, NULL, 'trái cây', NULL, '127.0.0.44', 'Mozilla/5.0', '2025-12-24 17:55:55', '2025-12-27 17:55:55'),
(131, 'search', 5, NULL, 'trái cây', NULL, '127.0.0.81', 'Mozilla/5.0', '2025-12-25 20:55:55', '2025-12-27 17:55:55'),
(132, 'search', NULL, NULL, 'trái cây', NULL, '127.0.0.154', 'Mozilla/5.0', '2025-12-22 19:55:55', '2025-12-27 17:55:55'),
(133, 'search', NULL, NULL, 'sữa', NULL, '127.0.0.83', 'Mozilla/5.0', '2025-12-23 02:55:55', '2025-12-27 17:55:55'),
(134, 'search', 2, NULL, 'sữa', NULL, '127.0.0.164', 'Mozilla/5.0', '2025-12-25 21:55:55', '2025-12-27 17:55:55'),
(135, 'search', NULL, NULL, 'sữa', NULL, '127.0.0.53', 'Mozilla/5.0', '2025-12-26 16:55:55', '2025-12-27 17:55:55'),
(136, 'search', 1, NULL, 'sữa', NULL, '127.0.0.196', 'Mozilla/5.0', '2025-12-26 06:55:55', '2025-12-27 17:55:55'),
(137, 'search', NULL, NULL, 'sữa', NULL, '127.0.0.177', 'Mozilla/5.0', '2025-12-25 04:55:55', '2025-12-27 17:55:55'),
(138, 'search', 4, NULL, 'sữa', NULL, '127.0.0.213', 'Mozilla/5.0', '2025-12-21 02:55:55', '2025-12-27 17:55:55'),
(139, 'search', NULL, NULL, 'bánh', NULL, '127.0.0.180', 'Mozilla/5.0', '2025-12-26 20:55:55', '2025-12-27 17:55:55'),
(140, 'search', NULL, NULL, 'bánh', NULL, '127.0.0.153', 'Mozilla/5.0', '2025-12-22 14:55:55', '2025-12-27 17:55:55'),
(141, 'search', 2, NULL, 'bánh', NULL, '127.0.0.28', 'Mozilla/5.0', '2025-12-27 17:55:55', '2025-12-27 17:55:55'),
(142, 'search', NULL, NULL, 'bánh', NULL, '127.0.0.27', 'Mozilla/5.0', '2025-12-26 12:55:55', '2025-12-27 17:55:55'),
(143, 'view', NULL, 11, NULL, NULL, '127.0.0.101', 'Mozilla/5.0', '2025-12-20 19:57:38', '2025-12-27 17:57:38'),
(144, 'view', NULL, 11, NULL, NULL, '127.0.0.185', 'Mozilla/5.0', '2025-12-25 14:57:38', '2025-12-27 17:57:38'),
(145, 'view', NULL, 11, NULL, NULL, '127.0.0.83', 'Mozilla/5.0', '2025-12-25 19:57:38', '2025-12-27 17:57:38'),
(146, 'view', NULL, 11, NULL, NULL, '127.0.0.112', 'Mozilla/5.0', '2025-12-23 23:57:38', '2025-12-27 17:57:38'),
(147, 'view', NULL, 11, NULL, NULL, '127.0.0.21', 'Mozilla/5.0', '2025-12-26 23:57:38', '2025-12-27 17:57:38'),
(148, 'view', NULL, 11, NULL, NULL, '127.0.0.195', 'Mozilla/5.0', '2025-12-21 01:57:38', '2025-12-27 17:57:38'),
(149, 'view', 1, 11, NULL, NULL, '127.0.0.168', 'Mozilla/5.0', '2025-12-23 12:57:38', '2025-12-27 17:57:38'),
(150, 'view', NULL, 11, NULL, NULL, '127.0.0.55', 'Mozilla/5.0', '2025-12-21 23:57:38', '2025-12-27 17:57:38'),
(151, 'view', NULL, 11, NULL, NULL, '127.0.0.250', 'Mozilla/5.0', '2025-12-26 05:57:38', '2025-12-27 17:57:38'),
(152, 'view', NULL, 11, NULL, NULL, '127.0.0.30', 'Mozilla/5.0', '2025-12-23 23:57:38', '2025-12-27 17:57:38'),
(153, 'view', NULL, 11, NULL, NULL, '127.0.0.218', 'Mozilla/5.0', '2025-12-24 12:57:38', '2025-12-27 17:57:38'),
(154, 'view', 2, 11, NULL, NULL, '127.0.0.184', 'Mozilla/5.0', '2025-12-23 04:57:38', '2025-12-27 17:57:38'),
(155, 'view', NULL, 11, NULL, NULL, '127.0.0.237', 'Mozilla/5.0', '2025-12-24 11:57:38', '2025-12-27 17:57:38'),
(156, 'view', 5, 12, NULL, NULL, '127.0.0.253', 'Mozilla/5.0', '2025-12-26 05:57:38', '2025-12-27 17:57:38'),
(157, 'view', NULL, 12, NULL, NULL, '127.0.0.181', 'Mozilla/5.0', '2025-12-21 14:57:38', '2025-12-27 17:57:38'),
(158, 'view', 1, 12, NULL, NULL, '127.0.0.14', 'Mozilla/5.0', '2025-12-25 20:57:38', '2025-12-27 17:57:38'),
(159, 'view', NULL, 12, NULL, NULL, '127.0.0.114', 'Mozilla/5.0', '2025-12-21 03:57:38', '2025-12-27 17:57:38'),
(160, 'view', NULL, 12, NULL, NULL, '127.0.0.235', 'Mozilla/5.0', '2025-12-24 12:57:38', '2025-12-27 17:57:38'),
(161, 'view', 4, 12, NULL, NULL, '127.0.0.129', 'Mozilla/5.0', '2025-12-25 09:57:38', '2025-12-27 17:57:38'),
(162, 'view', NULL, 12, NULL, NULL, '127.0.0.57', 'Mozilla/5.0', '2025-12-25 09:57:38', '2025-12-27 17:57:38'),
(163, 'view', NULL, 12, NULL, NULL, '127.0.0.69', 'Mozilla/5.0', '2025-12-21 23:57:38', '2025-12-27 17:57:38'),
(164, 'view', NULL, 12, NULL, NULL, '127.0.0.182', 'Mozilla/5.0', '2025-12-27 13:57:38', '2025-12-27 17:57:38'),
(165, 'view', 5, 12, NULL, NULL, '127.0.0.65', 'Mozilla/5.0', '2025-12-20 20:57:38', '2025-12-27 17:57:38'),
(166, 'view', 2, 12, NULL, NULL, '127.0.0.219', 'Mozilla/5.0', '2025-12-25 21:57:38', '2025-12-27 17:57:38'),
(167, 'view', NULL, 12, NULL, NULL, '127.0.0.60', 'Mozilla/5.0', '2025-12-23 17:57:38', '2025-12-27 17:57:38'),
(168, 'view', NULL, 12, NULL, NULL, '127.0.0.32', 'Mozilla/5.0', '2025-12-22 21:57:38', '2025-12-27 17:57:38'),
(169, 'view', NULL, 12, NULL, NULL, '127.0.0.104', 'Mozilla/5.0', '2025-12-21 08:57:38', '2025-12-27 17:57:38'),
(170, 'view', NULL, 12, NULL, NULL, '127.0.0.252', 'Mozilla/5.0', '2025-12-25 06:57:38', '2025-12-27 17:57:38'),
(171, 'view', NULL, 12, NULL, NULL, '127.0.0.112', 'Mozilla/5.0', '2025-12-22 20:57:38', '2025-12-27 17:57:38'),
(172, 'view', 5, 12, NULL, NULL, '127.0.0.210', 'Mozilla/5.0', '2025-12-25 23:57:38', '2025-12-27 17:57:38'),
(173, 'view', NULL, 12, NULL, NULL, '127.0.0.220', 'Mozilla/5.0', '2025-12-22 21:57:38', '2025-12-27 17:57:38'),
(174, 'view', 4, 12, NULL, NULL, '127.0.0.41', 'Mozilla/5.0', '2025-12-26 20:57:38', '2025-12-27 17:57:38'),
(175, 'view', NULL, 12, NULL, NULL, '127.0.0.223', 'Mozilla/5.0', '2025-12-22 15:57:38', '2025-12-27 17:57:38'),
(176, 'view', NULL, 13, NULL, NULL, '127.0.0.208', 'Mozilla/5.0', '2025-12-27 13:57:38', '2025-12-27 17:57:38'),
(177, 'view', NULL, 13, NULL, NULL, '127.0.0.62', 'Mozilla/5.0', '2025-12-25 05:57:38', '2025-12-27 17:57:38'),
(178, 'view', NULL, 13, NULL, NULL, '127.0.0.98', 'Mozilla/5.0', '2025-12-23 18:57:38', '2025-12-27 17:57:38'),
(179, 'view', NULL, 13, NULL, NULL, '127.0.0.185', 'Mozilla/5.0', '2025-12-23 15:57:38', '2025-12-27 17:57:38'),
(180, 'view', NULL, 13, NULL, NULL, '127.0.0.205', 'Mozilla/5.0', '2025-12-21 12:57:38', '2025-12-27 17:57:38'),
(181, 'view', NULL, 13, NULL, NULL, '127.0.0.125', 'Mozilla/5.0', '2025-12-24 21:57:38', '2025-12-27 17:57:38'),
(182, 'view', NULL, 13, NULL, NULL, '127.0.0.154', 'Mozilla/5.0', '2025-12-23 22:57:38', '2025-12-27 17:57:38'),
(183, 'view', 4, 13, NULL, NULL, '127.0.0.190', 'Mozilla/5.0', '2025-12-25 00:57:38', '2025-12-27 17:57:38'),
(184, 'view', NULL, 13, NULL, NULL, '127.0.0.233', 'Mozilla/5.0', '2025-12-21 20:57:38', '2025-12-27 17:57:38'),
(185, 'view', NULL, 13, NULL, NULL, '127.0.0.215', 'Mozilla/5.0', '2025-12-27 07:57:38', '2025-12-27 17:57:38'),
(186, 'view', 5, 13, NULL, NULL, '127.0.0.152', 'Mozilla/5.0', '2025-12-25 22:57:38', '2025-12-27 17:57:38'),
(187, 'view', 5, 13, NULL, NULL, '127.0.0.71', 'Mozilla/5.0', '2025-12-24 09:57:38', '2025-12-27 17:57:38'),
(188, 'view', NULL, 13, NULL, NULL, '127.0.0.189', 'Mozilla/5.0', '2025-12-25 03:57:38', '2025-12-27 17:57:38'),
(189, 'view', NULL, 13, NULL, NULL, '127.0.0.223', 'Mozilla/5.0', '2025-12-22 06:57:38', '2025-12-27 17:57:38'),
(190, 'view', NULL, 13, NULL, NULL, '127.0.0.176', 'Mozilla/5.0', '2025-12-24 04:57:38', '2025-12-27 17:57:38'),
(191, 'view', NULL, 13, NULL, NULL, '127.0.0.193', 'Mozilla/5.0', '2025-12-21 11:57:38', '2025-12-27 17:57:38'),
(192, 'view', NULL, 13, NULL, NULL, '127.0.0.54', 'Mozilla/5.0', '2025-12-27 09:57:38', '2025-12-27 17:57:38'),
(193, 'view', 3, 13, NULL, NULL, '127.0.0.163', 'Mozilla/5.0', '2025-12-24 21:57:38', '2025-12-27 17:57:38'),
(194, 'view', NULL, 13, NULL, NULL, '127.0.0.58', 'Mozilla/5.0', '2025-12-23 15:57:38', '2025-12-27 17:57:38'),
(195, 'view', 5, 13, NULL, NULL, '127.0.0.137', 'Mozilla/5.0', '2025-12-24 17:57:38', '2025-12-27 17:57:38'),
(196, 'view', NULL, 13, NULL, NULL, '127.0.0.226', 'Mozilla/5.0', '2025-12-25 15:57:38', '2025-12-27 17:57:38'),
(197, 'view', 3, 13, NULL, NULL, '127.0.0.24', 'Mozilla/5.0', '2025-12-24 07:57:38', '2025-12-27 17:57:38'),
(198, 'view', NULL, 13, NULL, NULL, '127.0.0.8', 'Mozilla/5.0', '2025-12-21 17:57:38', '2025-12-27 17:57:38'),
(199, 'view', NULL, 13, NULL, NULL, '127.0.0.89', 'Mozilla/5.0', '2025-12-21 08:57:38', '2025-12-27 17:57:38'),
(200, 'view', 2, 13, NULL, NULL, '127.0.0.113', 'Mozilla/5.0', '2025-12-24 05:57:38', '2025-12-27 17:57:38'),
(201, 'view', NULL, 13, NULL, NULL, '127.0.0.137', 'Mozilla/5.0', '2025-12-21 09:57:38', '2025-12-27 17:57:38'),
(202, 'view', NULL, 13, NULL, NULL, '127.0.0.52', 'Mozilla/5.0', '2025-12-26 04:57:38', '2025-12-27 17:57:38'),
(203, 'view', 1, 13, NULL, NULL, '127.0.0.17', 'Mozilla/5.0', '2025-12-26 10:57:38', '2025-12-27 17:57:38'),
(204, 'view', NULL, 13, NULL, NULL, '127.0.0.82', 'Mozilla/5.0', '2025-12-24 08:57:38', '2025-12-27 17:57:38'),
(205, 'view', NULL, 13, NULL, NULL, '127.0.0.73', 'Mozilla/5.0', '2025-12-22 07:57:38', '2025-12-27 17:57:38'),
(206, 'view', 3, 13, NULL, NULL, '127.0.0.117', 'Mozilla/5.0', '2025-12-24 23:57:38', '2025-12-27 17:57:38'),
(207, 'view', NULL, 13, NULL, NULL, '127.0.0.87', 'Mozilla/5.0', '2025-12-25 13:57:38', '2025-12-27 17:57:38'),
(208, 'view', NULL, 13, NULL, NULL, '127.0.0.218', 'Mozilla/5.0', '2025-12-25 05:57:38', '2025-12-27 17:57:38'),
(209, 'view', 2, 13, NULL, NULL, '127.0.0.33', 'Mozilla/5.0', '2025-12-25 09:57:38', '2025-12-27 17:57:38'),
(210, 'view', 5, 13, NULL, NULL, '127.0.0.41', 'Mozilla/5.0', '2025-12-26 22:57:38', '2025-12-27 17:57:38'),
(211, 'view', NULL, 13, NULL, NULL, '127.0.0.199', 'Mozilla/5.0', '2025-12-24 15:57:38', '2025-12-27 17:57:38'),
(212, 'view', 5, 13, NULL, NULL, '127.0.0.193', 'Mozilla/5.0', '2025-12-24 12:57:38', '2025-12-27 17:57:38'),
(213, 'view', NULL, 13, NULL, NULL, '127.0.0.116', 'Mozilla/5.0', '2025-12-22 16:57:38', '2025-12-27 17:57:38'),
(214, 'view', NULL, 13, NULL, NULL, '127.0.0.70', 'Mozilla/5.0', '2025-12-24 12:57:38', '2025-12-27 17:57:38'),
(215, 'view', NULL, 13, NULL, NULL, '127.0.0.133', 'Mozilla/5.0', '2025-12-21 19:57:38', '2025-12-27 17:57:38'),
(216, 'view', NULL, 13, NULL, NULL, '127.0.0.43', 'Mozilla/5.0', '2025-12-24 11:57:38', '2025-12-27 17:57:38'),
(217, 'view', NULL, 13, NULL, NULL, '127.0.0.123', 'Mozilla/5.0', '2025-12-21 07:57:38', '2025-12-27 17:57:38'),
(218, 'view', NULL, 13, NULL, NULL, '127.0.0.1', 'Mozilla/5.0', '2025-12-25 01:57:38', '2025-12-27 17:57:38'),
(219, 'view', NULL, 13, NULL, NULL, '127.0.0.196', 'Mozilla/5.0', '2025-12-23 11:57:38', '2025-12-27 17:57:38'),
(220, 'view', 5, 13, NULL, NULL, '127.0.0.22', 'Mozilla/5.0', '2025-12-21 09:57:38', '2025-12-27 17:57:38'),
(221, 'view', 4, 13, NULL, NULL, '127.0.0.184', 'Mozilla/5.0', '2025-12-24 14:57:38', '2025-12-27 17:57:38'),
(222, 'view', 2, 13, NULL, NULL, '127.0.0.174', 'Mozilla/5.0', '2025-12-24 06:57:38', '2025-12-27 17:57:38'),
(223, 'add_to_cart', 3, 11, NULL, 3, '127.0.0.112', 'Mozilla/5.0', '2025-12-23 11:57:38', '2025-12-27 17:57:38'),
(224, 'add_to_cart', 3, 11, NULL, 1, '127.0.0.71', 'Mozilla/5.0', '2025-12-25 14:57:38', '2025-12-27 17:57:38'),
(225, 'add_to_cart', 3, 11, NULL, 3, '127.0.0.220', 'Mozilla/5.0', '2025-12-22 13:57:38', '2025-12-27 17:57:38'),
(226, 'add_to_cart', 5, 11, NULL, 2, '127.0.0.31', 'Mozilla/5.0', '2025-12-24 05:57:38', '2025-12-27 17:57:38'),
(227, 'add_to_cart', 1, 11, NULL, 1, '127.0.0.6', 'Mozilla/5.0', '2025-12-23 18:57:38', '2025-12-27 17:57:38'),
(228, 'add_to_cart', 4, 11, NULL, 2, '127.0.0.182', 'Mozilla/5.0', '2025-12-26 13:57:38', '2025-12-27 17:57:38'),
(229, 'add_to_cart', NULL, 11, NULL, 3, '127.0.0.5', 'Mozilla/5.0', '2025-12-22 22:57:38', '2025-12-27 17:57:38'),
(230, 'add_to_cart', 5, 11, NULL, 3, '127.0.0.201', 'Mozilla/5.0', '2025-12-23 12:57:38', '2025-12-27 17:57:38'),
(231, 'add_to_cart', 1, 12, NULL, 1, '127.0.0.177', 'Mozilla/5.0', '2025-12-22 10:57:38', '2025-12-27 17:57:38'),
(232, 'add_to_cart', NULL, 12, NULL, 2, '127.0.0.193', 'Mozilla/5.0', '2025-12-23 18:57:38', '2025-12-27 17:57:38'),
(233, 'add_to_cart', NULL, 12, NULL, 1, '127.0.0.198', 'Mozilla/5.0', '2025-12-24 17:57:38', '2025-12-27 17:57:38'),
(234, 'add_to_cart', 4, 12, NULL, 3, '127.0.0.121', 'Mozilla/5.0', '2025-12-24 04:57:38', '2025-12-27 17:57:38'),
(235, 'add_to_cart', 3, 12, NULL, 3, '127.0.0.53', 'Mozilla/5.0', '2025-12-23 08:57:38', '2025-12-27 17:57:38'),
(236, 'add_to_cart', 4, 12, NULL, 1, '127.0.0.96', 'Mozilla/5.0', '2025-12-25 19:57:38', '2025-12-27 17:57:38'),
(237, 'add_to_cart', NULL, 12, NULL, 2, '127.0.0.63', 'Mozilla/5.0', '2025-12-27 02:57:38', '2025-12-27 17:57:38'),
(238, 'add_to_cart', NULL, 13, NULL, 2, '127.0.0.131', 'Mozilla/5.0', '2025-12-27 02:57:38', '2025-12-27 17:57:38'),
(239, 'add_to_cart', NULL, 13, NULL, 1, '127.0.0.34', 'Mozilla/5.0', '2025-12-26 15:57:38', '2025-12-27 17:57:38'),
(240, 'add_to_cart', 2, 13, NULL, 1, '127.0.0.222', 'Mozilla/5.0', '2025-12-26 08:57:38', '2025-12-27 17:57:38'),
(241, 'add_to_cart', 3, 13, NULL, 1, '127.0.0.232', 'Mozilla/5.0', '2025-12-27 01:57:38', '2025-12-27 17:57:38'),
(242, 'purchase', 4, 11, NULL, 1, '127.0.0.128', 'Mozilla/5.0', '2025-12-23 19:57:38', '2025-12-27 17:57:38'),
(243, 'purchase', 5, 11, NULL, 1, '127.0.0.108', 'Mozilla/5.0', '2025-12-25 13:57:38', '2025-12-27 17:57:38'),
(244, 'purchase', 3, 12, NULL, 2, '127.0.0.254', 'Mozilla/5.0', '2025-12-24 05:57:38', '2025-12-27 17:57:38'),
(245, 'purchase', 5, 12, NULL, 1, '127.0.0.174', 'Mozilla/5.0', '2025-12-27 05:57:38', '2025-12-27 17:57:38'),
(246, 'purchase', 2, 12, NULL, 2, '127.0.0.22', 'Mozilla/5.0', '2025-12-24 12:57:38', '2025-12-27 17:57:38'),
(247, 'purchase', 4, 12, NULL, 1, '127.0.0.138', 'Mozilla/5.0', '2025-12-23 20:57:38', '2025-12-27 17:57:38'),
(248, 'purchase', 2, 12, NULL, 1, '127.0.0.64', 'Mozilla/5.0', '2025-12-23 18:57:38', '2025-12-27 17:57:38'),
(249, 'purchase', 4, 13, NULL, 2, '127.0.0.198', 'Mozilla/5.0', '2025-12-24 17:57:38', '2025-12-27 17:57:38'),
(250, 'search', 2, NULL, 'gạo', NULL, '127.0.0.153', 'Mozilla/5.0', '2025-12-21 11:57:38', '2025-12-27 17:57:38'),
(251, 'search', 4, NULL, 'gạo', NULL, '127.0.0.232', 'Mozilla/5.0', '2025-12-26 22:57:38', '2025-12-27 17:57:38'),
(252, 'search', 1, NULL, 'gạo', NULL, '127.0.0.49', 'Mozilla/5.0', '2025-12-23 02:57:38', '2025-12-27 17:57:38'),
(253, 'search', 2, NULL, 'rau', NULL, '127.0.0.112', 'Mozilla/5.0', '2025-12-21 07:57:38', '2025-12-27 17:57:38'),
(254, 'search', NULL, NULL, 'rau', NULL, '127.0.0.89', 'Mozilla/5.0', '2025-12-22 19:57:38', '2025-12-27 17:57:38'),
(255, 'search', 5, NULL, 'rau', NULL, '127.0.0.39', 'Mozilla/5.0', '2025-12-25 07:57:38', '2025-12-27 17:57:38'),
(256, 'search', NULL, NULL, 'rau', NULL, '127.0.0.110', 'Mozilla/5.0', '2025-12-25 09:57:38', '2025-12-27 17:57:38'),
(257, 'search', 1, NULL, 'rau', NULL, '127.0.0.62', 'Mozilla/5.0', '2025-12-22 03:57:38', '2025-12-27 17:57:38'),
(258, 'search', 1, NULL, 'thịt', NULL, '127.0.0.54', 'Mozilla/5.0', '2025-12-24 21:57:38', '2025-12-27 17:57:38'),
(259, 'search', NULL, NULL, 'thịt', NULL, '127.0.0.173', 'Mozilla/5.0', '2025-12-23 01:57:38', '2025-12-27 17:57:38'),
(260, 'search', 1, NULL, 'thịt', NULL, '127.0.0.202', 'Mozilla/5.0', '2025-12-27 04:57:38', '2025-12-27 17:57:38'),
(261, 'search', 4, NULL, 'thịt', NULL, '127.0.0.207', 'Mozilla/5.0', '2025-12-25 17:57:38', '2025-12-27 17:57:38'),
(262, 'search', NULL, NULL, 'thịt', NULL, '127.0.0.212', 'Mozilla/5.0', '2025-12-26 21:57:38', '2025-12-27 17:57:38'),
(263, 'search', NULL, NULL, 'thịt', NULL, '127.0.0.155', 'Mozilla/5.0', '2025-12-26 18:57:38', '2025-12-27 17:57:38'),
(264, 'search', 2, NULL, 'thịt', NULL, '127.0.0.175', 'Mozilla/5.0', '2025-12-22 06:57:38', '2025-12-27 17:57:38'),
(265, 'search', NULL, NULL, 'cá', NULL, '127.0.0.234', 'Mozilla/5.0', '2025-12-21 07:57:38', '2025-12-27 17:57:38'),
(266, 'search', 2, NULL, 'cá', NULL, '127.0.0.91', 'Mozilla/5.0', '2025-12-27 06:57:38', '2025-12-27 17:57:38'),
(267, 'search', 4, NULL, 'cá', NULL, '127.0.0.73', 'Mozilla/5.0', '2025-12-20 20:57:38', '2025-12-27 17:57:38'),
(268, 'search', 3, NULL, 'cá', NULL, '127.0.0.236', 'Mozilla/5.0', '2025-12-22 05:57:38', '2025-12-27 17:57:38'),
(269, 'search', NULL, NULL, 'trái cây', NULL, '127.0.0.210', 'Mozilla/5.0', '2025-12-24 13:57:38', '2025-12-27 17:57:38'),
(270, 'search', 4, NULL, 'trái cây', NULL, '127.0.0.111', 'Mozilla/5.0', '2025-12-21 06:57:38', '2025-12-27 17:57:38'),
(271, 'search', NULL, NULL, 'trái cây', NULL, '127.0.0.200', 'Mozilla/5.0', '2025-12-27 04:57:38', '2025-12-27 17:57:38'),
(272, 'search', NULL, NULL, 'sữa', NULL, '127.0.0.185', 'Mozilla/5.0', '2025-12-22 04:57:38', '2025-12-27 17:57:38'),
(273, 'search', NULL, NULL, 'sữa', NULL, '127.0.0.152', 'Mozilla/5.0', '2025-12-25 09:57:38', '2025-12-27 17:57:38'),
(274, 'search', NULL, NULL, 'sữa', NULL, '127.0.0.15', 'Mozilla/5.0', '2025-12-21 14:57:38', '2025-12-27 17:57:38'),
(275, 'search', 1, NULL, 'sữa', NULL, '127.0.0.62', 'Mozilla/5.0', '2025-12-22 17:57:38', '2025-12-27 17:57:38'),
(276, 'search', NULL, NULL, 'bánh', NULL, '127.0.0.227', 'Mozilla/5.0', '2025-12-26 12:57:38', '2025-12-27 17:57:38'),
(277, 'search', 5, NULL, 'bánh', NULL, '127.0.0.207', 'Mozilla/5.0', '2025-12-20 23:57:38', '2025-12-27 17:57:38'),
(278, 'search', NULL, NULL, 'bánh', NULL, '127.0.0.214', 'Mozilla/5.0', '2025-12-26 11:57:38', '2025-12-27 17:57:38'),
(279, 'search', 2, NULL, 'bánh', NULL, '127.0.0.86', 'Mozilla/5.0', '2025-12-22 08:57:38', '2025-12-27 17:57:38'),
(280, 'search', NULL, NULL, 'bánh', NULL, '127.0.0.74', 'Mozilla/5.0', '2025-12-22 22:57:38', '2025-12-27 17:57:38'),
(281, 'search', 5, NULL, 'bánh', NULL, '127.0.0.198', 'Mozilla/5.0', '2025-12-26 00:57:38', '2025-12-27 17:57:38'),
(282, 'view', 2, 11, NULL, NULL, '127.0.0.225', 'Mozilla/5.0', '2025-12-25 17:58:07', '2025-12-27 17:58:07'),
(283, 'view', NULL, 11, NULL, NULL, '127.0.0.74', 'Mozilla/5.0', '2025-12-24 02:58:07', '2025-12-27 17:58:07'),
(284, 'view', NULL, 11, NULL, NULL, '127.0.0.33', 'Mozilla/5.0', '2025-12-23 12:58:07', '2025-12-27 17:58:07'),
(285, 'view', NULL, 11, NULL, NULL, '127.0.0.130', 'Mozilla/5.0', '2025-12-25 11:58:07', '2025-12-27 17:58:07'),
(286, 'view', NULL, 11, NULL, NULL, '127.0.0.34', 'Mozilla/5.0', '2025-12-25 19:58:07', '2025-12-27 17:58:07'),
(287, 'view', NULL, 11, NULL, NULL, '127.0.0.60', 'Mozilla/5.0', '2025-12-24 18:58:07', '2025-12-27 17:58:07'),
(288, 'view', NULL, 11, NULL, NULL, '127.0.0.97', 'Mozilla/5.0', '2025-12-21 11:58:07', '2025-12-27 17:58:07'),
(289, 'view', NULL, 11, NULL, NULL, '127.0.0.194', 'Mozilla/5.0', '2025-12-27 14:58:07', '2025-12-27 17:58:07'),
(290, 'view', NULL, 11, NULL, NULL, '127.0.0.159', 'Mozilla/5.0', '2025-12-24 07:58:07', '2025-12-27 17:58:07'),
(291, 'view', 4, 11, NULL, NULL, '127.0.0.240', 'Mozilla/5.0', '2025-12-23 09:58:07', '2025-12-27 17:58:07'),
(292, 'view', NULL, 11, NULL, NULL, '127.0.0.108', 'Mozilla/5.0', '2025-12-25 08:58:07', '2025-12-27 17:58:07'),
(293, 'view', NULL, 11, NULL, NULL, '127.0.0.182', 'Mozilla/5.0', '2025-12-26 22:58:07', '2025-12-27 17:58:07'),
(294, 'view', 4, 11, NULL, NULL, '127.0.0.226', 'Mozilla/5.0', '2025-12-21 23:58:07', '2025-12-27 17:58:07'),
(295, 'view', NULL, 11, NULL, NULL, '127.0.0.160', 'Mozilla/5.0', '2025-12-23 16:58:07', '2025-12-27 17:58:07'),
(296, 'view', NULL, 11, NULL, NULL, '127.0.0.16', 'Mozilla/5.0', '2025-12-27 11:58:07', '2025-12-27 17:58:07'),
(297, 'view', NULL, 11, NULL, NULL, '127.0.0.93', 'Mozilla/5.0', '2025-12-22 13:58:07', '2025-12-27 17:58:07'),
(298, 'view', NULL, 11, NULL, NULL, '127.0.0.227', 'Mozilla/5.0', '2025-12-26 13:58:07', '2025-12-27 17:58:07'),
(299, 'view', NULL, 11, NULL, NULL, '127.0.0.63', 'Mozilla/5.0', '2025-12-25 02:58:07', '2025-12-27 17:58:07'),
(300, 'view', NULL, 11, NULL, NULL, '127.0.0.82', 'Mozilla/5.0', '2025-12-26 03:58:07', '2025-12-27 17:58:07'),
(301, 'view', 2, 11, NULL, NULL, '127.0.0.87', 'Mozilla/5.0', '2025-12-25 18:58:07', '2025-12-27 17:58:07'),
(302, 'view', 1, 11, NULL, NULL, '127.0.0.246', 'Mozilla/5.0', '2025-12-25 12:58:07', '2025-12-27 17:58:07'),
(303, 'view', NULL, 11, NULL, NULL, '127.0.0.44', 'Mozilla/5.0', '2025-12-23 09:58:07', '2025-12-27 17:58:07'),
(304, 'view', 2, 11, NULL, NULL, '127.0.0.163', 'Mozilla/5.0', '2025-12-25 07:58:07', '2025-12-27 17:58:07'),
(305, 'view', 3, 11, NULL, NULL, '127.0.0.64', 'Mozilla/5.0', '2025-12-22 17:58:07', '2025-12-27 17:58:07'),
(306, 'view', 1, 11, NULL, NULL, '127.0.0.40', 'Mozilla/5.0', '2025-12-21 18:58:07', '2025-12-27 17:58:07'),
(307, 'view', NULL, 12, NULL, NULL, '127.0.0.192', 'Mozilla/5.0', '2025-12-25 23:58:07', '2025-12-27 17:58:07'),
(308, 'view', NULL, 12, NULL, NULL, '127.0.0.101', 'Mozilla/5.0', '2025-12-22 01:58:07', '2025-12-27 17:58:07'),
(309, 'view', 2, 12, NULL, NULL, '127.0.0.165', 'Mozilla/5.0', '2025-12-25 01:58:07', '2025-12-27 17:58:07'),
(310, 'view', NULL, 12, NULL, NULL, '127.0.0.77', 'Mozilla/5.0', '2025-12-26 05:58:07', '2025-12-27 17:58:07'),
(311, 'view', 1, 12, NULL, NULL, '127.0.0.145', 'Mozilla/5.0', '2025-12-21 12:58:07', '2025-12-27 17:58:07'),
(312, 'view', NULL, 12, NULL, NULL, '127.0.0.182', 'Mozilla/5.0', '2025-12-23 10:58:07', '2025-12-27 17:58:07'),
(313, 'view', NULL, 12, NULL, NULL, '127.0.0.204', 'Mozilla/5.0', '2025-12-23 23:58:07', '2025-12-27 17:58:07'),
(314, 'view', NULL, 12, NULL, NULL, '127.0.0.181', 'Mozilla/5.0', '2025-12-22 23:58:07', '2025-12-27 17:58:07'),
(315, 'view', NULL, 12, NULL, NULL, '127.0.0.93', 'Mozilla/5.0', '2025-12-23 05:58:07', '2025-12-27 17:58:07'),
(316, 'view', NULL, 12, NULL, NULL, '127.0.0.116', 'Mozilla/5.0', '2025-12-24 11:58:07', '2025-12-27 17:58:07'),
(317, 'view', NULL, 12, NULL, NULL, '127.0.0.153', 'Mozilla/5.0', '2025-12-25 13:58:07', '2025-12-27 17:58:07'),
(318, 'view', NULL, 12, NULL, NULL, '127.0.0.90', 'Mozilla/5.0', '2025-12-25 23:58:07', '2025-12-27 17:58:07'),
(319, 'view', NULL, 12, NULL, NULL, '127.0.0.101', 'Mozilla/5.0', '2025-12-20 23:58:07', '2025-12-27 17:58:07'),
(320, 'view', 2, 12, NULL, NULL, '127.0.0.171', 'Mozilla/5.0', '2025-12-23 06:58:07', '2025-12-27 17:58:07'),
(321, 'view', NULL, 12, NULL, NULL, '127.0.0.54', 'Mozilla/5.0', '2025-12-26 14:58:07', '2025-12-27 17:58:07'),
(322, 'view', NULL, 12, NULL, NULL, '127.0.0.175', 'Mozilla/5.0', '2025-12-23 21:58:07', '2025-12-27 17:58:07'),
(323, 'view', NULL, 12, NULL, NULL, '127.0.0.144', 'Mozilla/5.0', '2025-12-21 05:58:07', '2025-12-27 17:58:07'),
(324, 'view', NULL, 12, NULL, NULL, '127.0.0.86', 'Mozilla/5.0', '2025-12-25 13:58:07', '2025-12-27 17:58:07'),
(325, 'view', 4, 12, NULL, NULL, '127.0.0.193', 'Mozilla/5.0', '2025-12-23 16:58:07', '2025-12-27 17:58:07'),
(326, 'view', NULL, 12, NULL, NULL, '127.0.0.253', 'Mozilla/5.0', '2025-12-21 14:58:07', '2025-12-27 17:58:07'),
(327, 'view', 5, 12, NULL, NULL, '127.0.0.230', 'Mozilla/5.0', '2025-12-27 14:58:07', '2025-12-27 17:58:07'),
(328, 'view', NULL, 12, NULL, NULL, '127.0.0.134', 'Mozilla/5.0', '2025-12-25 20:58:07', '2025-12-27 17:58:07'),
(329, 'view', 3, 12, NULL, NULL, '127.0.0.164', 'Mozilla/5.0', '2025-12-23 21:58:07', '2025-12-27 17:58:07'),
(330, 'view', NULL, 12, NULL, NULL, '127.0.0.219', 'Mozilla/5.0', '2025-12-27 02:58:07', '2025-12-27 17:58:07'),
(331, 'view', 2, 12, NULL, NULL, '127.0.0.143', 'Mozilla/5.0', '2025-12-24 10:58:07', '2025-12-27 17:58:07'),
(332, 'view', 3, 12, NULL, NULL, '127.0.0.37', 'Mozilla/5.0', '2025-12-24 22:58:07', '2025-12-27 17:58:07'),
(333, 'view', 3, 12, NULL, NULL, '127.0.0.248', 'Mozilla/5.0', '2025-12-22 21:58:07', '2025-12-27 17:58:07'),
(334, 'view', NULL, 12, NULL, NULL, '127.0.0.215', 'Mozilla/5.0', '2025-12-21 02:58:07', '2025-12-27 17:58:07'),
(335, 'view', NULL, 12, NULL, NULL, '127.0.0.174', 'Mozilla/5.0', '2025-12-22 02:58:07', '2025-12-27 17:58:07'),
(336, 'view', NULL, 12, NULL, NULL, '127.0.0.21', 'Mozilla/5.0', '2025-12-22 12:58:07', '2025-12-27 17:58:07'),
(337, 'view', NULL, 12, NULL, NULL, '127.0.0.9', 'Mozilla/5.0', '2025-12-25 20:58:07', '2025-12-27 17:58:07'),
(338, 'view', NULL, 12, NULL, NULL, '127.0.0.48', 'Mozilla/5.0', '2025-12-22 22:58:07', '2025-12-27 17:58:07'),
(339, 'view', NULL, 12, NULL, NULL, '127.0.0.144', 'Mozilla/5.0', '2025-12-20 23:58:07', '2025-12-27 17:58:07'),
(340, 'view', NULL, 12, NULL, NULL, '127.0.0.13', 'Mozilla/5.0', '2025-12-21 14:58:07', '2025-12-27 17:58:07'),
(341, 'view', 4, 12, NULL, NULL, '127.0.0.19', 'Mozilla/5.0', '2025-12-25 14:58:07', '2025-12-27 17:58:07'),
(342, 'view', NULL, 12, NULL, NULL, '127.0.0.101', 'Mozilla/5.0', '2025-12-22 15:58:07', '2025-12-27 17:58:07'),
(343, 'view', NULL, 13, NULL, NULL, '127.0.0.69', 'Mozilla/5.0', '2025-12-23 14:58:07', '2025-12-27 17:58:07'),
(344, 'view', 3, 13, NULL, NULL, '127.0.0.159', 'Mozilla/5.0', '2025-12-23 08:58:07', '2025-12-27 17:58:07'),
(345, 'view', NULL, 13, NULL, NULL, '127.0.0.17', 'Mozilla/5.0', '2025-12-24 00:58:07', '2025-12-27 17:58:07'),
(346, 'view', NULL, 13, NULL, NULL, '127.0.0.198', 'Mozilla/5.0', '2025-12-26 14:58:07', '2025-12-27 17:58:07'),
(347, 'view', NULL, 13, NULL, NULL, '127.0.0.156', 'Mozilla/5.0', '2025-12-27 13:58:07', '2025-12-27 17:58:07'),
(348, 'view', NULL, 13, NULL, NULL, '127.0.0.174', 'Mozilla/5.0', '2025-12-22 05:58:07', '2025-12-27 17:58:07'),
(349, 'view', NULL, 13, NULL, NULL, '127.0.0.247', 'Mozilla/5.0', '2025-12-23 15:58:07', '2025-12-27 17:58:07'),
(350, 'view', 1, 13, NULL, NULL, '127.0.0.132', 'Mozilla/5.0', '2025-12-25 04:58:07', '2025-12-27 17:58:07'),
(351, 'view', NULL, 13, NULL, NULL, '127.0.0.37', 'Mozilla/5.0', '2025-12-22 14:58:07', '2025-12-27 17:58:07'),
(352, 'view', NULL, 13, NULL, NULL, '127.0.0.81', 'Mozilla/5.0', '2025-12-25 14:58:07', '2025-12-27 17:58:07'),
(353, 'view', NULL, 13, NULL, NULL, '127.0.0.7', 'Mozilla/5.0', '2025-12-21 01:58:07', '2025-12-27 17:58:07'),
(354, 'view', 4, 13, NULL, NULL, '127.0.0.189', 'Mozilla/5.0', '2025-12-23 18:58:07', '2025-12-27 17:58:07'),
(355, 'view', NULL, 13, NULL, NULL, '127.0.0.112', 'Mozilla/5.0', '2025-12-23 18:58:07', '2025-12-27 17:58:07'),
(356, 'view', 3, 13, NULL, NULL, '127.0.0.93', 'Mozilla/5.0', '2025-12-27 02:58:07', '2025-12-27 17:58:07'),
(357, 'view', NULL, 13, NULL, NULL, '127.0.0.149', 'Mozilla/5.0', '2025-12-24 22:58:07', '2025-12-27 17:58:07'),
(358, 'view', 4, 13, NULL, NULL, '127.0.0.117', 'Mozilla/5.0', '2025-12-22 09:58:07', '2025-12-27 17:58:07'),
(359, 'view', NULL, 13, NULL, NULL, '127.0.0.209', 'Mozilla/5.0', '2025-12-24 02:58:07', '2025-12-27 17:58:07'),
(360, 'view', NULL, 13, NULL, NULL, '127.0.0.113', 'Mozilla/5.0', '2025-12-23 15:58:07', '2025-12-27 17:58:07'),
(361, 'view', NULL, 13, NULL, NULL, '127.0.0.91', 'Mozilla/5.0', '2025-12-23 17:58:07', '2025-12-27 17:58:07'),
(362, 'view', 4, 13, NULL, NULL, '127.0.0.134', 'Mozilla/5.0', '2025-12-23 16:58:07', '2025-12-27 17:58:07'),
(363, 'add_to_cart', 1, 11, NULL, 2, '127.0.0.53', 'Mozilla/5.0', '2025-12-23 00:58:07', '2025-12-27 17:58:07'),
(364, 'add_to_cart', NULL, 11, NULL, 3, '127.0.0.69', 'Mozilla/5.0', '2025-12-27 17:58:07', '2025-12-27 17:58:07'),
(365, 'add_to_cart', 2, 11, NULL, 2, '127.0.0.17', 'Mozilla/5.0', '2025-12-27 02:58:07', '2025-12-27 17:58:07'),
(366, 'add_to_cart', NULL, 11, NULL, 3, '127.0.0.116', 'Mozilla/5.0', '2025-12-26 09:58:07', '2025-12-27 17:58:07'),
(367, 'add_to_cart', 3, 11, NULL, 1, '127.0.0.159', 'Mozilla/5.0', '2025-12-27 04:58:07', '2025-12-27 17:58:07'),
(368, 'add_to_cart', NULL, 11, NULL, 3, '127.0.0.66', 'Mozilla/5.0', '2025-12-26 03:58:07', '2025-12-27 17:58:07'),
(369, 'add_to_cart', 4, 11, NULL, 2, '127.0.0.212', 'Mozilla/5.0', '2025-12-27 03:58:07', '2025-12-27 17:58:07'),
(370, 'add_to_cart', 4, 11, NULL, 3, '127.0.0.225', 'Mozilla/5.0', '2025-12-26 13:58:07', '2025-12-27 17:58:07'),
(371, 'add_to_cart', NULL, 11, NULL, 2, '127.0.0.89', 'Mozilla/5.0', '2025-12-27 14:58:07', '2025-12-27 17:58:07'),
(372, 'add_to_cart', NULL, 11, NULL, 1, '127.0.0.111', 'Mozilla/5.0', '2025-12-22 12:58:07', '2025-12-27 17:58:07'),
(373, 'add_to_cart', 4, 11, NULL, 3, '127.0.0.9', 'Mozilla/5.0', '2025-12-24 11:58:07', '2025-12-27 17:58:07'),
(374, 'add_to_cart', NULL, 11, NULL, 1, '127.0.0.71', 'Mozilla/5.0', '2025-12-22 15:58:07', '2025-12-27 17:58:07'),
(375, 'add_to_cart', 5, 12, NULL, 1, '127.0.0.227', 'Mozilla/5.0', '2025-12-25 04:58:07', '2025-12-27 17:58:07'),
(376, 'add_to_cart', 1, 12, NULL, 3, '127.0.0.224', 'Mozilla/5.0', '2025-12-26 06:58:07', '2025-12-27 17:58:07'),
(377, 'add_to_cart', 4, 12, NULL, 1, '127.0.0.90', 'Mozilla/5.0', '2025-12-26 15:58:07', '2025-12-27 17:58:07'),
(378, 'add_to_cart', NULL, 12, NULL, 2, '127.0.0.20', 'Mozilla/5.0', '2025-12-23 06:58:07', '2025-12-27 17:58:07'),
(379, 'add_to_cart', 1, 12, NULL, 2, '127.0.0.144', 'Mozilla/5.0', '2025-12-25 03:58:07', '2025-12-27 17:58:07'),
(380, 'add_to_cart', 2, 12, NULL, 3, '127.0.0.107', 'Mozilla/5.0', '2025-12-26 21:58:07', '2025-12-27 17:58:07'),
(381, 'add_to_cart', 3, 12, NULL, 3, '127.0.0.201', 'Mozilla/5.0', '2025-12-22 03:58:07', '2025-12-27 17:58:07'),
(382, 'add_to_cart', 1, 12, NULL, 1, '127.0.0.102', 'Mozilla/5.0', '2025-12-26 08:58:07', '2025-12-27 17:58:07'),
(383, 'add_to_cart', NULL, 12, NULL, 1, '127.0.0.234', 'Mozilla/5.0', '2025-12-23 15:58:07', '2025-12-27 17:58:07'),
(384, 'add_to_cart', 4, 12, NULL, 3, '127.0.0.50', 'Mozilla/5.0', '2025-12-26 19:58:07', '2025-12-27 17:58:07'),
(385, 'add_to_cart', 4, 12, NULL, 2, '127.0.0.120', 'Mozilla/5.0', '2025-12-24 20:58:07', '2025-12-27 17:58:07'),
(386, 'add_to_cart', 2, 12, NULL, 3, '127.0.0.120', 'Mozilla/5.0', '2025-12-24 16:58:07', '2025-12-27 17:58:07'),
(387, 'add_to_cart', NULL, 12, NULL, 1, '127.0.0.15', 'Mozilla/5.0', '2025-12-23 06:58:07', '2025-12-27 17:58:07'),
(388, 'add_to_cart', 4, 12, NULL, 3, '127.0.0.151', 'Mozilla/5.0', '2025-12-22 15:58:07', '2025-12-27 17:58:07'),
(389, 'add_to_cart', 1, 13, NULL, 1, '127.0.0.100', 'Mozilla/5.0', '2025-12-23 01:58:07', '2025-12-27 17:58:07'),
(390, 'add_to_cart', 1, 13, NULL, 2, '127.0.0.13', 'Mozilla/5.0', '2025-12-26 00:58:07', '2025-12-27 17:58:07'),
(391, 'add_to_cart', NULL, 13, NULL, 2, '127.0.0.177', 'Mozilla/5.0', '2025-12-25 06:58:07', '2025-12-27 17:58:07'),
(392, 'add_to_cart', NULL, 13, NULL, 1, '127.0.0.114', 'Mozilla/5.0', '2025-12-23 07:58:07', '2025-12-27 17:58:07'),
(393, 'add_to_cart', NULL, 13, NULL, 1, '127.0.0.25', 'Mozilla/5.0', '2025-12-25 20:58:07', '2025-12-27 17:58:07'),
(394, 'add_to_cart', NULL, 13, NULL, 2, '127.0.0.184', 'Mozilla/5.0', '2025-12-24 00:58:07', '2025-12-27 17:58:07'),
(395, 'add_to_cart', NULL, 13, NULL, 1, '127.0.0.84', 'Mozilla/5.0', '2025-12-23 12:58:07', '2025-12-27 17:58:07'),
(396, 'purchase', 4, 11, NULL, 1, '127.0.0.34', 'Mozilla/5.0', '2025-12-24 01:58:07', '2025-12-27 17:58:07'),
(397, 'purchase', 5, 11, NULL, 2, '127.0.0.158', 'Mozilla/5.0', '2025-12-27 04:58:07', '2025-12-27 17:58:07'),
(398, 'purchase', 5, 11, NULL, 2, '127.0.0.198', 'Mozilla/5.0', '2025-12-27 10:58:07', '2025-12-27 17:58:07'),
(399, 'purchase', 3, 12, NULL, 2, '127.0.0.226', 'Mozilla/5.0', '2025-12-26 08:58:07', '2025-12-27 17:58:07'),
(400, 'purchase', 1, 12, NULL, 2, '127.0.0.38', 'Mozilla/5.0', '2025-12-23 16:58:07', '2025-12-27 17:58:07'),
(401, 'purchase', 2, 13, NULL, 1, '127.0.0.155', 'Mozilla/5.0', '2025-12-26 19:58:07', '2025-12-27 17:58:07'),
(402, 'search', 4, NULL, 'gạo', NULL, '127.0.0.152', 'Mozilla/5.0', '2025-12-27 07:58:07', '2025-12-27 17:58:07'),
(403, 'search', NULL, NULL, 'gạo', NULL, '127.0.0.49', 'Mozilla/5.0', '2025-12-25 07:58:07', '2025-12-27 17:58:07'),
(404, 'search', NULL, NULL, 'gạo', NULL, '127.0.0.29', 'Mozilla/5.0', '2025-12-27 12:58:07', '2025-12-27 17:58:07'),
(405, 'search', NULL, NULL, 'gạo', NULL, '127.0.0.240', 'Mozilla/5.0', '2025-12-21 23:58:07', '2025-12-27 17:58:07'),
(406, 'search', 4, NULL, 'gạo', NULL, '127.0.0.49', 'Mozilla/5.0', '2025-12-22 10:58:07', '2025-12-27 17:58:07'),
(407, 'search', NULL, NULL, 'gạo', NULL, '127.0.0.96', 'Mozilla/5.0', '2025-12-23 14:58:07', '2025-12-27 17:58:07'),
(408, 'search', 4, NULL, 'gạo', NULL, '127.0.0.58', 'Mozilla/5.0', '2025-12-25 05:58:07', '2025-12-27 17:58:07'),
(409, 'search', 5, NULL, 'gạo', NULL, '127.0.0.219', 'Mozilla/5.0', '2025-12-26 01:58:07', '2025-12-27 17:58:07'),
(410, 'search', NULL, NULL, 'rau', NULL, '127.0.0.196', 'Mozilla/5.0', '2025-12-25 03:58:07', '2025-12-27 17:58:07'),
(411, 'search', 4, NULL, 'rau', NULL, '127.0.0.206', 'Mozilla/5.0', '2025-12-25 12:58:07', '2025-12-27 17:58:07'),
(412, 'search', 5, NULL, 'rau', NULL, '127.0.0.229', 'Mozilla/5.0', '2025-12-26 13:58:07', '2025-12-27 17:58:07'),
(413, 'search', 3, NULL, 'rau', NULL, '127.0.0.101', 'Mozilla/5.0', '2025-12-25 04:58:07', '2025-12-27 17:58:07'),
(414, 'search', NULL, NULL, 'rau', NULL, '127.0.0.187', 'Mozilla/5.0', '2025-12-27 14:58:07', '2025-12-27 17:58:07'),
(415, 'search', NULL, NULL, 'rau', NULL, '127.0.0.209', 'Mozilla/5.0', '2025-12-27 01:58:07', '2025-12-27 17:58:07'),
(416, 'search', NULL, NULL, 'rau', NULL, '127.0.0.253', 'Mozilla/5.0', '2025-12-21 20:58:07', '2025-12-27 17:58:07'),
(417, 'search', 1, NULL, 'thịt', NULL, '127.0.0.58', 'Mozilla/5.0', '2025-12-22 12:58:07', '2025-12-27 17:58:07'),
(418, 'search', 3, NULL, 'thịt', NULL, '127.0.0.252', 'Mozilla/5.0', '2025-12-21 18:58:07', '2025-12-27 17:58:07'),
(419, 'search', NULL, NULL, 'thịt', NULL, '127.0.0.84', 'Mozilla/5.0', '2025-12-26 22:58:07', '2025-12-27 17:58:07'),
(420, 'search', 2, NULL, 'thịt', NULL, '127.0.0.74', 'Mozilla/5.0', '2025-12-21 12:58:07', '2025-12-27 17:58:07'),
(421, 'search', NULL, NULL, 'thịt', NULL, '127.0.0.246', 'Mozilla/5.0', '2025-12-21 11:58:07', '2025-12-27 17:58:07'),
(422, 'search', 1, NULL, 'thịt', NULL, '127.0.0.192', 'Mozilla/5.0', '2025-12-21 00:58:07', '2025-12-27 17:58:07'),
(423, 'search', 5, NULL, 'thịt', NULL, '127.0.0.173', 'Mozilla/5.0', '2025-12-25 22:58:07', '2025-12-27 17:58:07'),
(424, 'search', NULL, NULL, 'thịt', NULL, '127.0.0.24', 'Mozilla/5.0', '2025-12-27 02:58:07', '2025-12-27 17:58:07'),
(425, 'search', NULL, NULL, 'cá', NULL, '127.0.0.215', 'Mozilla/5.0', '2025-12-23 08:58:07', '2025-12-27 17:58:07'),
(426, 'search', NULL, NULL, 'cá', NULL, '127.0.0.119', 'Mozilla/5.0', '2025-12-23 07:58:07', '2025-12-27 17:58:07'),
(427, 'search', NULL, NULL, 'cá', NULL, '127.0.0.100', 'Mozilla/5.0', '2025-12-22 05:58:07', '2025-12-27 17:58:07'),
(428, 'search', 4, NULL, 'cá', NULL, '127.0.0.126', 'Mozilla/5.0', '2025-12-20 19:58:07', '2025-12-27 17:58:07'),
(429, 'search', 5, NULL, 'cá', NULL, '127.0.0.202', 'Mozilla/5.0', '2025-12-22 11:58:07', '2025-12-27 17:58:07'),
(430, 'search', 5, NULL, 'cá', NULL, '127.0.0.42', 'Mozilla/5.0', '2025-12-21 12:58:07', '2025-12-27 17:58:07'),
(431, 'search', 5, NULL, 'cá', NULL, '127.0.0.174', 'Mozilla/5.0', '2025-12-24 11:58:07', '2025-12-27 17:58:07'),
(432, 'search', 4, NULL, 'trái cây', NULL, '127.0.0.131', 'Mozilla/5.0', '2025-12-23 11:58:07', '2025-12-27 17:58:07'),
(433, 'search', 2, NULL, 'trái cây', NULL, '127.0.0.54', 'Mozilla/5.0', '2025-12-24 02:58:07', '2025-12-27 17:58:07'),
(434, 'search', NULL, NULL, 'trái cây', NULL, '127.0.0.16', 'Mozilla/5.0', '2025-12-21 04:58:07', '2025-12-27 17:58:07'),
(435, 'search', 5, NULL, 'trái cây', NULL, '127.0.0.6', 'Mozilla/5.0', '2025-12-26 09:58:07', '2025-12-27 17:58:07'),
(436, 'search', 4, NULL, 'trái cây', NULL, '127.0.0.206', 'Mozilla/5.0', '2025-12-27 09:58:07', '2025-12-27 17:58:07'),
(437, 'search', NULL, NULL, 'trái cây', NULL, '127.0.0.144', 'Mozilla/5.0', '2025-12-20 18:58:07', '2025-12-27 17:58:07'),
(438, 'search', 5, NULL, 'trái cây', NULL, '127.0.0.120', 'Mozilla/5.0', '2025-12-25 08:58:07', '2025-12-27 17:58:07'),
(439, 'search', 2, NULL, 'trái cây', NULL, '127.0.0.15', 'Mozilla/5.0', '2025-12-21 20:58:07', '2025-12-27 17:58:07'),
(440, 'search', 4, NULL, 'trái cây', NULL, '127.0.0.141', 'Mozilla/5.0', '2025-12-26 11:58:07', '2025-12-27 17:58:07'),
(441, 'search', 2, NULL, 'sữa', NULL, '127.0.0.177', 'Mozilla/5.0', '2025-12-22 23:58:07', '2025-12-27 17:58:07'),
(442, 'search', 4, NULL, 'sữa', NULL, '127.0.0.232', 'Mozilla/5.0', '2025-12-26 23:58:07', '2025-12-27 17:58:07'),
(443, 'search', 4, NULL, 'sữa', NULL, '127.0.0.34', 'Mozilla/5.0', '2025-12-22 19:58:07', '2025-12-27 17:58:07');
INSERT INTO `activity_logs` (`id`, `activity_type`, `user_id`, `product_id`, `search_query`, `quantity`, `ip_address`, `user_agent`, `created_at`, `updated_at`) VALUES
(444, 'search', NULL, NULL, 'sữa', NULL, '127.0.0.202', 'Mozilla/5.0', '2025-12-21 12:58:07', '2025-12-27 17:58:07'),
(445, 'search', 4, NULL, 'sữa', NULL, '127.0.0.244', 'Mozilla/5.0', '2025-12-27 17:58:07', '2025-12-27 17:58:07'),
(446, 'search', NULL, NULL, 'sữa', NULL, '127.0.0.28', 'Mozilla/5.0', '2025-12-25 01:58:07', '2025-12-27 17:58:07'),
(447, 'search', NULL, NULL, 'sữa', NULL, '127.0.0.101', 'Mozilla/5.0', '2025-12-21 12:58:07', '2025-12-27 17:58:07'),
(448, 'search', 5, NULL, 'bánh', NULL, '127.0.0.104', 'Mozilla/5.0', '2025-12-22 06:58:07', '2025-12-27 17:58:07'),
(449, 'search', NULL, NULL, 'bánh', NULL, '127.0.0.200', 'Mozilla/5.0', '2025-12-23 14:58:07', '2025-12-27 17:58:07'),
(450, 'search', 5, NULL, 'bánh', NULL, '127.0.0.46', 'Mozilla/5.0', '2025-12-27 00:58:07', '2025-12-27 17:58:07'),
(451, 'search', NULL, NULL, 'bánh', NULL, '127.0.0.7', 'Mozilla/5.0', '2025-12-21 03:58:07', '2025-12-27 17:58:07'),
(452, 'search', 1, NULL, 'bánh', NULL, '127.0.0.242', 'Mozilla/5.0', '2025-12-27 15:58:07', '2025-12-27 17:58:07'),
(453, 'search', 3, NULL, 'bánh', NULL, '127.0.0.60', 'Mozilla/5.0', '2025-12-27 00:58:07', '2025-12-27 17:58:07'),
(454, 'search', 5, NULL, 'bánh', NULL, '127.0.0.241', 'Mozilla/5.0', '2025-12-25 06:58:07', '2025-12-27 17:58:07'),
(455, 'search', NULL, NULL, 'bánh', NULL, '127.0.0.44', 'Mozilla/5.0', '2025-12-23 15:58:07', '2025-12-27 17:58:07'),
(456, 'search', NULL, NULL, 'nông sản', NULL, '127.0.0.71', 'Mozilla/5.0', '2025-12-24 08:58:07', '2025-12-27 17:58:07'),
(457, 'search', 4, NULL, 'nông sản', NULL, '127.0.0.61', 'Mozilla/5.0', '2025-12-23 08:58:07', '2025-12-27 17:58:07'),
(458, 'search', NULL, NULL, 'nông sản', NULL, '127.0.0.65', 'Mozilla/5.0', '2025-12-21 07:58:07', '2025-12-27 17:58:07'),
(459, 'search', NULL, NULL, 'nông sản', NULL, '127.0.0.229', 'Mozilla/5.0', '2025-12-27 02:58:07', '2025-12-27 17:58:07'),
(460, 'search', 1, NULL, 'nông sản', NULL, '127.0.0.156', 'Mozilla/5.0', '2025-12-24 18:58:07', '2025-12-27 17:58:07'),
(461, 'search', NULL, NULL, 'nông sản', NULL, '127.0.0.132', 'Mozilla/5.0', '2025-12-24 15:58:07', '2025-12-27 17:58:07'),
(462, 'search', 3, NULL, 'nông sản', NULL, '127.0.0.30', 'Mozilla/5.0', '2025-12-23 22:58:07', '2025-12-27 17:58:07'),
(463, 'view', NULL, 11, NULL, NULL, '127.0.0.99', 'Mozilla/5.0', '2025-12-27 18:10:13', '2025-12-27 18:10:13'),
(464, 'view', NULL, 11, NULL, NULL, '127.0.0.55', 'Mozilla/5.0', '2025-12-27 18:10:13', '2025-12-27 18:10:13'),
(465, 'view', NULL, 11, NULL, NULL, '127.0.0.243', 'Mozilla/5.0', '2025-12-27 18:10:13', '2025-12-27 18:10:13'),
(466, 'view', NULL, 11, NULL, NULL, '127.0.0.232', 'Mozilla/5.0', '2025-12-27 18:10:13', '2025-12-27 18:10:13'),
(467, 'view', 1, 11, NULL, NULL, '127.0.0.13', 'Mozilla/5.0', '2025-12-27 18:10:13', '2025-12-27 18:10:13'),
(468, 'view', 5, 11, NULL, NULL, '127.0.0.43', 'Mozilla/5.0', '2025-12-27 18:10:13', '2025-12-27 18:10:13'),
(469, 'view', 2, 11, NULL, NULL, '127.0.0.201', 'Mozilla/5.0', '2025-12-27 18:10:13', '2025-12-27 18:10:13'),
(470, 'view', NULL, 11, NULL, NULL, '127.0.0.66', 'Mozilla/5.0', '2025-12-27 18:10:13', '2025-12-27 18:10:13'),
(471, 'view', NULL, 11, NULL, NULL, '127.0.0.173', 'Mozilla/5.0', '2025-12-27 18:10:13', '2025-12-27 18:10:13'),
(472, 'view', NULL, 11, NULL, NULL, '127.0.0.216', 'Mozilla/5.0', '2025-12-27 18:10:13', '2025-12-27 18:10:13'),
(473, 'view', NULL, 11, NULL, NULL, '127.0.0.76', 'Mozilla/5.0', '2025-12-27 18:10:13', '2025-12-27 18:10:13'),
(474, 'view', NULL, 11, NULL, NULL, '127.0.0.87', 'Mozilla/5.0', '2025-12-27 18:10:13', '2025-12-27 18:10:13'),
(475, 'view', 1, 11, NULL, NULL, '127.0.0.208', 'Mozilla/5.0', '2025-12-27 18:10:13', '2025-12-27 18:10:13'),
(476, 'view', NULL, 11, NULL, NULL, '127.0.0.237', 'Mozilla/5.0', '2025-12-27 18:10:13', '2025-12-27 18:10:13'),
(477, 'view', NULL, 11, NULL, NULL, '127.0.0.40', 'Mozilla/5.0', '2025-12-27 18:10:13', '2025-12-27 18:10:13'),
(478, 'view', NULL, 11, NULL, NULL, '127.0.0.241', 'Mozilla/5.0', '2025-12-27 18:10:13', '2025-12-27 18:10:13'),
(479, 'view', NULL, 11, NULL, NULL, '127.0.0.27', 'Mozilla/5.0', '2025-12-27 18:10:13', '2025-12-27 18:10:13'),
(480, 'view', 4, 11, NULL, NULL, '127.0.0.187', 'Mozilla/5.0', '2025-12-27 18:10:13', '2025-12-27 18:10:13'),
(481, 'view', NULL, 11, NULL, NULL, '127.0.0.96', 'Mozilla/5.0', '2025-12-27 18:10:13', '2025-12-27 18:10:13'),
(482, 'view', NULL, 11, NULL, NULL, '127.0.0.128', 'Mozilla/5.0', '2025-12-27 18:10:13', '2025-12-27 18:10:13'),
(483, 'view', 5, 11, NULL, NULL, '127.0.0.114', 'Mozilla/5.0', '2025-12-27 18:10:13', '2025-12-27 18:10:13'),
(484, 'view', NULL, 11, NULL, NULL, '127.0.0.29', 'Mozilla/5.0', '2025-12-27 18:10:13', '2025-12-27 18:10:13'),
(485, 'view', NULL, 11, NULL, NULL, '127.0.0.68', 'Mozilla/5.0', '2025-12-27 18:10:13', '2025-12-27 18:10:13'),
(486, 'view', NULL, 11, NULL, NULL, '127.0.0.100', 'Mozilla/5.0', '2025-12-27 18:10:13', '2025-12-27 18:10:13'),
(487, 'view', NULL, 11, NULL, NULL, '127.0.0.239', 'Mozilla/5.0', '2025-12-27 18:10:13', '2025-12-27 18:10:13'),
(488, 'view', NULL, 11, NULL, NULL, '127.0.0.156', 'Mozilla/5.0', '2025-12-27 18:10:13', '2025-12-27 18:10:13'),
(489, 'view', NULL, 11, NULL, NULL, '127.0.0.50', 'Mozilla/5.0', '2025-12-27 18:10:13', '2025-12-27 18:10:13'),
(490, 'view', NULL, 11, NULL, NULL, '127.0.0.159', 'Mozilla/5.0', '2025-12-27 18:10:13', '2025-12-27 18:10:13'),
(491, 'view', 4, 11, NULL, NULL, '127.0.0.93', 'Mozilla/5.0', '2025-12-27 18:10:13', '2025-12-27 18:10:13'),
(492, 'view', 4, 11, NULL, NULL, '127.0.0.146', 'Mozilla/5.0', '2025-12-27 18:10:13', '2025-12-27 18:10:13'),
(493, 'view', 1, 11, NULL, NULL, '127.0.0.37', 'Mozilla/5.0', '2025-12-27 18:10:13', '2025-12-27 18:10:13'),
(494, 'view', NULL, 11, NULL, NULL, '127.0.0.124', 'Mozilla/5.0', '2025-12-27 18:10:13', '2025-12-27 18:10:13'),
(495, 'view', NULL, 11, NULL, NULL, '127.0.0.36', 'Mozilla/5.0', '2025-12-27 18:10:13', '2025-12-27 18:10:13'),
(496, 'view', NULL, 11, NULL, NULL, '127.0.0.215', 'Mozilla/5.0', '2025-12-27 18:10:13', '2025-12-27 18:10:13'),
(497, 'view', 2, 11, NULL, NULL, '127.0.0.85', 'Mozilla/5.0', '2025-12-27 18:10:13', '2025-12-27 18:10:13'),
(498, 'view', NULL, 11, NULL, NULL, '127.0.0.174', 'Mozilla/5.0', '2025-12-27 18:10:13', '2025-12-27 18:10:13'),
(499, 'view', 5, 11, NULL, NULL, '127.0.0.199', 'Mozilla/5.0', '2025-12-27 18:10:13', '2025-12-27 18:10:13'),
(500, 'view', NULL, 11, NULL, NULL, '127.0.0.28', 'Mozilla/5.0', '2025-12-27 18:10:13', '2025-12-27 18:10:13'),
(501, 'view', 4, 11, NULL, NULL, '127.0.0.85', 'Mozilla/5.0', '2025-12-27 18:10:13', '2025-12-27 18:10:13'),
(502, 'view', NULL, 11, NULL, NULL, '127.0.0.11', 'Mozilla/5.0', '2025-12-27 18:10:13', '2025-12-27 18:10:13'),
(503, 'view', NULL, 11, NULL, NULL, '127.0.0.51', 'Mozilla/5.0', '2025-12-27 18:10:13', '2025-12-27 18:10:13'),
(504, 'view', NULL, 11, NULL, NULL, '127.0.0.151', 'Mozilla/5.0', '2025-12-27 18:10:13', '2025-12-27 18:10:13'),
(505, 'view', 4, 11, NULL, NULL, '127.0.0.178', 'Mozilla/5.0', '2025-12-27 18:10:13', '2025-12-27 18:10:13'),
(506, 'view', 5, 11, NULL, NULL, '127.0.0.234', 'Mozilla/5.0', '2025-12-27 18:10:13', '2025-12-27 18:10:13'),
(507, 'view', NULL, 11, NULL, NULL, '127.0.0.147', 'Mozilla/5.0', '2025-12-27 18:10:13', '2025-12-27 18:10:13'),
(508, 'view', NULL, 11, NULL, NULL, '127.0.0.98', 'Mozilla/5.0', '2025-12-27 18:10:13', '2025-12-27 18:10:13'),
(509, 'view', NULL, 11, NULL, NULL, '127.0.0.71', 'Mozilla/5.0', '2025-12-27 18:10:13', '2025-12-27 18:10:13'),
(510, 'view', NULL, 11, NULL, NULL, '127.0.0.27', 'Mozilla/5.0', '2025-12-27 18:10:13', '2025-12-27 18:10:13'),
(511, 'view', NULL, 11, NULL, NULL, '127.0.0.159', 'Mozilla/5.0', '2025-12-27 18:10:13', '2025-12-27 18:10:13'),
(512, 'view', 4, 11, NULL, NULL, '127.0.0.183', 'Mozilla/5.0', '2025-12-27 18:10:13', '2025-12-27 18:10:13'),
(513, 'view', 2, 11, NULL, NULL, '127.0.0.190', 'Mozilla/5.0', '2025-12-27 18:10:13', '2025-12-27 18:10:13'),
(514, 'view', NULL, 11, NULL, NULL, '127.0.0.93', 'Mozilla/5.0', '2025-12-27 18:10:13', '2025-12-27 18:10:13'),
(515, 'view', NULL, 11, NULL, NULL, '127.0.0.96', 'Mozilla/5.0', '2025-12-27 18:10:13', '2025-12-27 18:10:13'),
(516, 'view', NULL, 11, NULL, NULL, '127.0.0.180', 'Mozilla/5.0', '2025-12-27 18:10:13', '2025-12-27 18:10:13'),
(517, 'view', NULL, 11, NULL, NULL, '127.0.0.215', 'Mozilla/5.0', '2025-12-27 18:10:13', '2025-12-27 18:10:13'),
(518, 'view', 1, 11, NULL, NULL, '127.0.0.54', 'Mozilla/5.0', '2025-12-27 18:10:13', '2025-12-27 18:10:13'),
(519, 'view', NULL, 11, NULL, NULL, '127.0.0.69', 'Mozilla/5.0', '2025-12-27 18:10:13', '2025-12-27 18:10:13'),
(520, 'view', NULL, 11, NULL, NULL, '127.0.0.153', 'Mozilla/5.0', '2025-12-27 18:10:13', '2025-12-27 18:10:13'),
(521, 'view', NULL, 11, NULL, NULL, '127.0.0.200', 'Mozilla/5.0', '2025-12-27 18:10:13', '2025-12-27 18:10:13'),
(522, 'view', NULL, 11, NULL, NULL, '127.0.0.44', 'Mozilla/5.0', '2025-12-27 18:10:13', '2025-12-27 18:10:13'),
(523, 'view', NULL, 11, NULL, NULL, '127.0.0.24', 'Mozilla/5.0', '2025-12-27 18:10:13', '2025-12-27 18:10:13'),
(524, 'view', NULL, 11, NULL, NULL, '127.0.0.188', 'Mozilla/5.0', '2025-12-27 18:10:13', '2025-12-27 18:10:13'),
(525, 'view', 3, 11, NULL, NULL, '127.0.0.47', 'Mozilla/5.0', '2025-12-27 18:10:13', '2025-12-27 18:10:13'),
(526, 'view', NULL, 11, NULL, NULL, '127.0.0.139', 'Mozilla/5.0', '2025-12-27 18:10:13', '2025-12-27 18:10:13'),
(527, 'view', NULL, 11, NULL, NULL, '127.0.0.228', 'Mozilla/5.0', '2025-12-27 18:10:13', '2025-12-27 18:10:13'),
(528, 'view', 3, 11, NULL, NULL, '127.0.0.220', 'Mozilla/5.0', '2025-12-27 18:10:13', '2025-12-27 18:10:13'),
(529, 'view', NULL, 11, NULL, NULL, '127.0.0.90', 'Mozilla/5.0', '2025-12-27 18:10:13', '2025-12-27 18:10:13'),
(530, 'view', 5, 11, NULL, NULL, '127.0.0.194', 'Mozilla/5.0', '2025-12-27 18:10:13', '2025-12-27 18:10:13'),
(531, 'view', 3, 11, NULL, NULL, '127.0.0.199', 'Mozilla/5.0', '2025-12-27 18:10:13', '2025-12-27 18:10:13'),
(532, 'view', NULL, 11, NULL, NULL, '127.0.0.25', 'Mozilla/5.0', '2025-12-27 18:10:13', '2025-12-27 18:10:13'),
(533, 'view', NULL, 11, NULL, NULL, '127.0.0.192', 'Mozilla/5.0', '2025-12-27 18:10:13', '2025-12-27 18:10:13'),
(534, 'view', NULL, 11, NULL, NULL, '127.0.0.207', 'Mozilla/5.0', '2025-12-27 18:10:13', '2025-12-27 18:10:13'),
(535, 'view', NULL, 11, NULL, NULL, '127.0.0.119', 'Mozilla/5.0', '2025-12-27 18:10:13', '2025-12-27 18:10:13'),
(536, 'view', NULL, 11, NULL, NULL, '127.0.0.105', 'Mozilla/5.0', '2025-12-27 18:10:13', '2025-12-27 18:10:13'),
(537, 'view', 1, 11, NULL, NULL, '127.0.0.47', 'Mozilla/5.0', '2025-12-27 18:10:13', '2025-12-27 18:10:13'),
(538, 'view', 1, 11, NULL, NULL, '127.0.0.72', 'Mozilla/5.0', '2025-12-27 18:10:13', '2025-12-27 18:10:13'),
(539, 'view', 3, 11, NULL, NULL, '127.0.0.239', 'Mozilla/5.0', '2025-12-27 18:10:13', '2025-12-27 18:10:13'),
(540, 'view', NULL, 11, NULL, NULL, '127.0.0.195', 'Mozilla/5.0', '2025-12-27 18:10:13', '2025-12-27 18:10:13'),
(541, 'view', NULL, 11, NULL, NULL, '127.0.0.187', 'Mozilla/5.0', '2025-12-27 18:10:13', '2025-12-27 18:10:13'),
(542, 'view', NULL, 11, NULL, NULL, '127.0.0.9', 'Mozilla/5.0', '2025-12-27 18:10:13', '2025-12-27 18:10:13'),
(543, 'view', NULL, 12, NULL, NULL, '127.0.0.95', 'Mozilla/5.0', '2025-12-27 18:10:13', '2025-12-27 18:10:13'),
(544, 'view', NULL, 12, NULL, NULL, '127.0.0.144', 'Mozilla/5.0', '2025-12-27 18:10:13', '2025-12-27 18:10:13'),
(545, 'view', NULL, 12, NULL, NULL, '127.0.0.115', 'Mozilla/5.0', '2025-12-27 18:10:13', '2025-12-27 18:10:13'),
(546, 'view', NULL, 12, NULL, NULL, '127.0.0.161', 'Mozilla/5.0', '2025-12-27 18:10:13', '2025-12-27 18:10:13'),
(547, 'view', NULL, 12, NULL, NULL, '127.0.0.15', 'Mozilla/5.0', '2025-12-27 18:10:13', '2025-12-27 18:10:13'),
(548, 'view', 1, 12, NULL, NULL, '127.0.0.75', 'Mozilla/5.0', '2025-12-27 18:10:13', '2025-12-27 18:10:13'),
(549, 'view', NULL, 12, NULL, NULL, '127.0.0.52', 'Mozilla/5.0', '2025-12-27 18:10:13', '2025-12-27 18:10:13'),
(550, 'view', NULL, 12, NULL, NULL, '127.0.0.203', 'Mozilla/5.0', '2025-12-27 18:10:13', '2025-12-27 18:10:13'),
(551, 'view', NULL, 12, NULL, NULL, '127.0.0.26', 'Mozilla/5.0', '2025-12-27 18:10:13', '2025-12-27 18:10:13'),
(552, 'view', NULL, 12, NULL, NULL, '127.0.0.102', 'Mozilla/5.0', '2025-12-27 18:10:13', '2025-12-27 18:10:13'),
(553, 'view', 2, 12, NULL, NULL, '127.0.0.255', 'Mozilla/5.0', '2025-12-27 18:10:13', '2025-12-27 18:10:13'),
(554, 'view', NULL, 12, NULL, NULL, '127.0.0.248', 'Mozilla/5.0', '2025-12-27 18:10:13', '2025-12-27 18:10:13'),
(555, 'view', NULL, 12, NULL, NULL, '127.0.0.216', 'Mozilla/5.0', '2025-12-27 18:10:13', '2025-12-27 18:10:13'),
(556, 'view', NULL, 12, NULL, NULL, '127.0.0.146', 'Mozilla/5.0', '2025-12-27 18:10:13', '2025-12-27 18:10:13'),
(557, 'view', NULL, 12, NULL, NULL, '127.0.0.171', 'Mozilla/5.0', '2025-12-27 18:10:13', '2025-12-27 18:10:13'),
(558, 'view', NULL, 12, NULL, NULL, '127.0.0.110', 'Mozilla/5.0', '2025-12-27 18:10:13', '2025-12-27 18:10:13'),
(559, 'view', 1, 12, NULL, NULL, '127.0.0.235', 'Mozilla/5.0', '2025-12-27 18:10:13', '2025-12-27 18:10:13'),
(560, 'view', 1, 12, NULL, NULL, '127.0.0.108', 'Mozilla/5.0', '2025-12-27 18:10:13', '2025-12-27 18:10:13'),
(561, 'view', NULL, 12, NULL, NULL, '127.0.0.221', 'Mozilla/5.0', '2025-12-27 18:10:13', '2025-12-27 18:10:13'),
(562, 'view', 4, 12, NULL, NULL, '127.0.0.211', 'Mozilla/5.0', '2025-12-27 18:10:13', '2025-12-27 18:10:13'),
(563, 'view', 1, 12, NULL, NULL, '127.0.0.83', 'Mozilla/5.0', '2025-12-27 18:10:13', '2025-12-27 18:10:13'),
(564, 'view', 3, 12, NULL, NULL, '127.0.0.108', 'Mozilla/5.0', '2025-12-27 18:10:13', '2025-12-27 18:10:13'),
(565, 'view', 1, 12, NULL, NULL, '127.0.0.244', 'Mozilla/5.0', '2025-12-27 18:10:13', '2025-12-27 18:10:13'),
(566, 'view', NULL, 12, NULL, NULL, '127.0.0.237', 'Mozilla/5.0', '2025-12-27 18:10:13', '2025-12-27 18:10:13'),
(567, 'view', 2, 12, NULL, NULL, '127.0.0.197', 'Mozilla/5.0', '2025-12-27 18:10:13', '2025-12-27 18:10:13'),
(568, 'view', NULL, 12, NULL, NULL, '127.0.0.47', 'Mozilla/5.0', '2025-12-27 18:10:13', '2025-12-27 18:10:13'),
(569, 'view', 5, 12, NULL, NULL, '127.0.0.137', 'Mozilla/5.0', '2025-12-27 18:10:13', '2025-12-27 18:10:13'),
(570, 'view', 5, 12, NULL, NULL, '127.0.0.118', 'Mozilla/5.0', '2025-12-27 18:10:13', '2025-12-27 18:10:13'),
(571, 'view', NULL, 12, NULL, NULL, '127.0.0.90', 'Mozilla/5.0', '2025-12-27 18:10:13', '2025-12-27 18:10:13'),
(572, 'view', NULL, 12, NULL, NULL, '127.0.0.59', 'Mozilla/5.0', '2025-12-27 18:10:13', '2025-12-27 18:10:13'),
(573, 'view', NULL, 12, NULL, NULL, '127.0.0.227', 'Mozilla/5.0', '2025-12-27 18:10:13', '2025-12-27 18:10:13'),
(574, 'view', 3, 12, NULL, NULL, '127.0.0.210', 'Mozilla/5.0', '2025-12-27 18:10:13', '2025-12-27 18:10:13'),
(575, 'view', NULL, 12, NULL, NULL, '127.0.0.118', 'Mozilla/5.0', '2025-12-27 18:10:13', '2025-12-27 18:10:13'),
(576, 'view', NULL, 12, NULL, NULL, '127.0.0.242', 'Mozilla/5.0', '2025-12-27 18:10:13', '2025-12-27 18:10:13'),
(577, 'view', NULL, 12, NULL, NULL, '127.0.0.194', 'Mozilla/5.0', '2025-12-27 18:10:13', '2025-12-27 18:10:13'),
(578, 'view', 1, 12, NULL, NULL, '127.0.0.204', 'Mozilla/5.0', '2025-12-27 18:10:13', '2025-12-27 18:10:13'),
(579, 'view', NULL, 12, NULL, NULL, '127.0.0.230', 'Mozilla/5.0', '2025-12-27 18:10:13', '2025-12-27 18:10:13'),
(580, 'view', NULL, 12, NULL, NULL, '127.0.0.43', 'Mozilla/5.0', '2025-12-27 18:10:13', '2025-12-27 18:10:13'),
(581, 'view', 1, 12, NULL, NULL, '127.0.0.132', 'Mozilla/5.0', '2025-12-27 18:10:13', '2025-12-27 18:10:13'),
(582, 'view', 3, 12, NULL, NULL, '127.0.0.251', 'Mozilla/5.0', '2025-12-27 18:10:13', '2025-12-27 18:10:13'),
(583, 'view', 1, 12, NULL, NULL, '127.0.0.77', 'Mozilla/5.0', '2025-12-27 18:10:13', '2025-12-27 18:10:13'),
(584, 'view', NULL, 12, NULL, NULL, '127.0.0.78', 'Mozilla/5.0', '2025-12-27 18:10:13', '2025-12-27 18:10:13'),
(585, 'view', NULL, 12, NULL, NULL, '127.0.0.145', 'Mozilla/5.0', '2025-12-27 18:10:13', '2025-12-27 18:10:13'),
(586, 'view', 1, 12, NULL, NULL, '127.0.0.51', 'Mozilla/5.0', '2025-12-27 18:10:13', '2025-12-27 18:10:13'),
(587, 'view', NULL, 12, NULL, NULL, '127.0.0.198', 'Mozilla/5.0', '2025-12-27 18:10:13', '2025-12-27 18:10:13'),
(588, 'view', 3, 12, NULL, NULL, '127.0.0.255', 'Mozilla/5.0', '2025-12-27 18:10:13', '2025-12-27 18:10:13'),
(589, 'view', 3, 12, NULL, NULL, '127.0.0.24', 'Mozilla/5.0', '2025-12-27 18:10:13', '2025-12-27 18:10:13'),
(590, 'view', 1, 12, NULL, NULL, '127.0.0.43', 'Mozilla/5.0', '2025-12-27 18:10:13', '2025-12-27 18:10:13'),
(591, 'view', NULL, 12, NULL, NULL, '127.0.0.251', 'Mozilla/5.0', '2025-12-27 18:10:13', '2025-12-27 18:10:13'),
(592, 'view', NULL, 12, NULL, NULL, '127.0.0.105', 'Mozilla/5.0', '2025-12-27 18:10:13', '2025-12-27 18:10:13'),
(593, 'view', 2, 12, NULL, NULL, '127.0.0.59', 'Mozilla/5.0', '2025-12-27 18:10:13', '2025-12-27 18:10:13'),
(594, 'view', NULL, 12, NULL, NULL, '127.0.0.11', 'Mozilla/5.0', '2025-12-27 18:10:13', '2025-12-27 18:10:13'),
(595, 'view', NULL, 12, NULL, NULL, '127.0.0.206', 'Mozilla/5.0', '2025-12-27 18:10:13', '2025-12-27 18:10:13'),
(596, 'view', NULL, 12, NULL, NULL, '127.0.0.161', 'Mozilla/5.0', '2025-12-27 18:10:13', '2025-12-27 18:10:13'),
(597, 'view', 1, 12, NULL, NULL, '127.0.0.114', 'Mozilla/5.0', '2025-12-27 18:10:13', '2025-12-27 18:10:13'),
(598, 'view', 2, 12, NULL, NULL, '127.0.0.65', 'Mozilla/5.0', '2025-12-27 18:10:13', '2025-12-27 18:10:13'),
(599, 'view', NULL, 12, NULL, NULL, '127.0.0.82', 'Mozilla/5.0', '2025-12-27 18:10:13', '2025-12-27 18:10:13'),
(600, 'view', NULL, 12, NULL, NULL, '127.0.0.51', 'Mozilla/5.0', '2025-12-27 18:10:13', '2025-12-27 18:10:13'),
(601, 'view', NULL, 12, NULL, NULL, '127.0.0.67', 'Mozilla/5.0', '2025-12-27 18:10:13', '2025-12-27 18:10:13'),
(602, 'view', 2, 12, NULL, NULL, '127.0.0.32', 'Mozilla/5.0', '2025-12-27 18:10:13', '2025-12-27 18:10:13'),
(603, 'view', 4, 12, NULL, NULL, '127.0.0.235', 'Mozilla/5.0', '2025-12-27 18:10:13', '2025-12-27 18:10:13'),
(604, 'view', NULL, 12, NULL, NULL, '127.0.0.39', 'Mozilla/5.0', '2025-12-27 18:10:13', '2025-12-27 18:10:13'),
(605, 'view', 5, 12, NULL, NULL, '127.0.0.148', 'Mozilla/5.0', '2025-12-27 18:10:13', '2025-12-27 18:10:13'),
(606, 'view', NULL, 12, NULL, NULL, '127.0.0.81', 'Mozilla/5.0', '2025-12-27 18:10:13', '2025-12-27 18:10:13'),
(607, 'view', NULL, 12, NULL, NULL, '127.0.0.238', 'Mozilla/5.0', '2025-12-27 18:10:13', '2025-12-27 18:10:13'),
(608, 'view', NULL, 12, NULL, NULL, '127.0.0.251', 'Mozilla/5.0', '2025-12-27 18:10:13', '2025-12-27 18:10:13'),
(609, 'view', NULL, 12, NULL, NULL, '127.0.0.22', 'Mozilla/5.0', '2025-12-27 18:10:13', '2025-12-27 18:10:13'),
(610, 'view', NULL, 12, NULL, NULL, '127.0.0.126', 'Mozilla/5.0', '2025-12-27 18:10:13', '2025-12-27 18:10:13'),
(611, 'view', 4, 12, NULL, NULL, '127.0.0.224', 'Mozilla/5.0', '2025-12-27 18:10:13', '2025-12-27 18:10:13'),
(612, 'view', 5, 12, NULL, NULL, '127.0.0.81', 'Mozilla/5.0', '2025-12-27 18:10:13', '2025-12-27 18:10:13'),
(613, 'view', NULL, 12, NULL, NULL, '127.0.0.202', 'Mozilla/5.0', '2025-12-27 18:10:13', '2025-12-27 18:10:13'),
(614, 'view', NULL, 12, NULL, NULL, '127.0.0.69', 'Mozilla/5.0', '2025-12-27 18:10:13', '2025-12-27 18:10:13'),
(615, 'view', 1, 12, NULL, NULL, '127.0.0.73', 'Mozilla/5.0', '2025-12-27 18:10:13', '2025-12-27 18:10:13'),
(616, 'view', NULL, 12, NULL, NULL, '127.0.0.57', 'Mozilla/5.0', '2025-12-27 18:10:13', '2025-12-27 18:10:13'),
(617, 'view', NULL, 12, NULL, NULL, '127.0.0.216', 'Mozilla/5.0', '2025-12-27 18:10:13', '2025-12-27 18:10:13'),
(618, 'view', NULL, 12, NULL, NULL, '127.0.0.11', 'Mozilla/5.0', '2025-12-27 18:10:13', '2025-12-27 18:10:13'),
(619, 'view', NULL, 12, NULL, NULL, '127.0.0.217', 'Mozilla/5.0', '2025-12-27 18:10:13', '2025-12-27 18:10:13'),
(620, 'view', NULL, 12, NULL, NULL, '127.0.0.179', 'Mozilla/5.0', '2025-12-27 18:10:13', '2025-12-27 18:10:13'),
(621, 'view', 2, 12, NULL, NULL, '127.0.0.64', 'Mozilla/5.0', '2025-12-27 18:10:13', '2025-12-27 18:10:13'),
(622, 'view', NULL, 12, NULL, NULL, '127.0.0.147', 'Mozilla/5.0', '2025-12-27 18:10:13', '2025-12-27 18:10:13'),
(623, 'view', 5, 12, NULL, NULL, '127.0.0.1', 'Mozilla/5.0 (Macintosh; Intel Mac OS X 10_15_7) AppleWebKit/537.36 (KHTML, like Gecko) Chrome/143.0.0.0 Safari/537.36', '2025-12-30 03:34:26', '2025-12-30 03:34:26'),
(624, 'purchase', 5, 12, NULL, 2, '127.0.0.1', 'Mozilla/5.0 (Macintosh; Intel Mac OS X 10_15_7) AppleWebKit/537.36 (KHTML, like Gecko) Chrome/143.0.0.0 Safari/537.36', '2025-12-30 03:35:25', '2025-12-30 03:35:25'),
(625, 'purchase', 5, 12, NULL, 2, '127.0.0.1', 'Mozilla/5.0 (Macintosh; Intel Mac OS X 10_15_7) AppleWebKit/537.36 (KHTML, like Gecko) Chrome/143.0.0.0 Safari/537.36', '2025-12-30 03:38:00', '2025-12-30 03:38:00'),
(626, 'view', 5, 13, NULL, NULL, '127.0.0.1', 'Mozilla/5.0 (Windows NT 10.0; Win64; x64) AppleWebKit/537.36 (KHTML, like Gecko) Chrome/143.0.0.0 Safari/537.36 Edg/143.0.0.0', '2025-12-30 05:27:30', '2025-12-30 05:27:30'),
(627, 'add_to_cart', 5, 13, NULL, 1, '127.0.0.1', 'Mozilla/5.0 (Windows NT 10.0; Win64; x64) AppleWebKit/537.36 (KHTML, like Gecko) Chrome/143.0.0.0 Safari/537.36 Edg/143.0.0.0', '2025-12-30 05:27:33', '2025-12-30 05:27:33'),
(628, 'view', NULL, 13, NULL, NULL, '127.0.0.1', 'Mozilla/5.0 (Windows NT 10.0; Win64; x64) AppleWebKit/537.36 (KHTML, like Gecko) Chrome/143.0.0.0 Safari/537.36 Edg/143.0.0.0', '2025-12-30 05:51:00', '2025-12-30 05:51:00'),
(629, 'view', NULL, 13, NULL, NULL, '127.0.0.1', 'Mozilla/5.0 (Windows NT 10.0; Win64; x64) AppleWebKit/537.36 (KHTML, like Gecko) Chrome/143.0.0.0 Safari/537.36 Edg/143.0.0.0', '2025-12-30 05:52:45', '2025-12-30 05:52:45'),
(630, 'view', NULL, 13, NULL, NULL, '127.0.0.1', 'Mozilla/5.0 (Windows NT 10.0; Win64; x64) AppleWebKit/537.36 (KHTML, like Gecko) Chrome/143.0.0.0 Safari/537.36 Edg/143.0.0.0', '2025-12-30 06:13:32', '2025-12-30 06:13:32'),
(631, 'view', 7, 13, NULL, NULL, '127.0.0.1', 'Mozilla/5.0 (Windows NT 10.0; Win64; x64) AppleWebKit/537.36 (KHTML, like Gecko) Chrome/143.0.0.0 Safari/537.36 Edg/143.0.0.0', '2025-12-30 06:15:20', '2025-12-30 06:15:20'),
(632, 'add_to_cart', 7, 13, NULL, 2, '127.0.0.1', 'Mozilla/5.0 (Windows NT 10.0; Win64; x64) AppleWebKit/537.36 (KHTML, like Gecko) Chrome/143.0.0.0 Safari/537.36 Edg/143.0.0.0', '2025-12-30 06:15:25', '2025-12-30 06:15:25'),
(633, 'view', 7, 15, NULL, NULL, '127.0.0.1', 'Mozilla/5.0 (Windows NT 10.0; Win64; x64) AppleWebKit/537.36 (KHTML, like Gecko) Chrome/143.0.0.0 Safari/537.36 Edg/143.0.0.0', '2025-12-30 06:15:31', '2025-12-30 06:15:31'),
(634, 'add_to_cart', 7, 15, NULL, 1, '127.0.0.1', 'Mozilla/5.0 (Windows NT 10.0; Win64; x64) AppleWebKit/537.36 (KHTML, like Gecko) Chrome/143.0.0.0 Safari/537.36 Edg/143.0.0.0', '2025-12-30 06:15:35', '2025-12-30 06:15:35'),
(635, 'view', 7, 13, NULL, NULL, '127.0.0.1', 'Mozilla/5.0 (Windows NT 10.0; Win64; x64) AppleWebKit/537.36 (KHTML, like Gecko) Chrome/143.0.0.0 Safari/537.36 Edg/143.0.0.0', '2025-12-30 06:21:03', '2025-12-30 06:21:03'),
(636, 'purchase', 7, 15, NULL, 1, '127.0.0.1', 'Mozilla/5.0 (Windows NT 10.0; Win64; x64) AppleWebKit/537.36 (KHTML, like Gecko) Chrome/143.0.0.0 Safari/537.36 Edg/143.0.0.0', '2025-12-30 06:32:13', '2025-12-30 06:32:13'),
(637, 'purchase', 7, 15, NULL, 1, '127.0.0.1', 'Mozilla/5.0 (Windows NT 10.0; Win64; x64) AppleWebKit/537.36 (KHTML, like Gecko) Chrome/143.0.0.0 Safari/537.36 Edg/143.0.0.0', '2025-12-30 06:32:48', '2025-12-30 06:32:48'),
(638, 'view', 7, 16, NULL, NULL, '127.0.0.1', 'Mozilla/5.0 (Windows NT 10.0; Win64; x64) AppleWebKit/537.36 (KHTML, like Gecko) Chrome/143.0.0.0 Safari/537.36 Edg/143.0.0.0', '2025-12-30 06:45:05', '2025-12-30 06:45:05'),
(639, 'add_to_cart', 7, 16, NULL, 1, '127.0.0.1', 'Mozilla/5.0 (Windows NT 10.0; Win64; x64) AppleWebKit/537.36 (KHTML, like Gecko) Chrome/143.0.0.0 Safari/537.36 Edg/143.0.0.0', '2025-12-30 06:45:10', '2025-12-30 06:45:10'),
(640, 'purchase', 7, 16, NULL, 1, '127.0.0.1', 'Mozilla/5.0 (Windows NT 10.0; Win64; x64) AppleWebKit/537.36 (KHTML, like Gecko) Chrome/143.0.0.0 Safari/537.36 Edg/143.0.0.0', '2025-12-30 06:45:34', '2025-12-30 06:45:34'),
(641, 'view', 7, 14, NULL, NULL, '127.0.0.1', 'Mozilla/5.0 (Windows NT 10.0; Win64; x64) AppleWebKit/537.36 (KHTML, like Gecko) Chrome/143.0.0.0 Safari/537.36 Edg/143.0.0.0', '2025-12-30 06:49:20', '2025-12-30 06:49:20'),
(642, 'view', 7, 13, NULL, NULL, '127.0.0.1', 'Mozilla/5.0 (Windows NT 10.0; Win64; x64) AppleWebKit/537.36 (KHTML, like Gecko) Chrome/143.0.0.0 Safari/537.36 Edg/143.0.0.0', '2025-12-30 06:58:55', '2025-12-30 06:58:55'),
(643, 'view', 8, 13, NULL, NULL, '127.0.0.1', 'Mozilla/5.0 (Windows NT 10.0; Win64; x64) AppleWebKit/537.36 (KHTML, like Gecko) Chrome/143.0.0.0 Safari/537.36 Edg/143.0.0.0', '2025-12-30 07:00:46', '2025-12-30 07:00:46'),
(644, 'add_to_cart', 8, 13, NULL, 1, '127.0.0.1', 'Mozilla/5.0 (Windows NT 10.0; Win64; x64) AppleWebKit/537.36 (KHTML, like Gecko) Chrome/143.0.0.0 Safari/537.36 Edg/143.0.0.0', '2025-12-30 07:00:51', '2025-12-30 07:00:51'),
(645, 'view', 8, 15, NULL, NULL, '127.0.0.1', 'Mozilla/5.0 (Windows NT 10.0; Win64; x64) AppleWebKit/537.36 (KHTML, like Gecko) Chrome/143.0.0.0 Safari/537.36 Edg/143.0.0.0', '2025-12-30 07:00:56', '2025-12-30 07:00:56'),
(646, 'add_to_cart', 8, 15, NULL, 1, '127.0.0.1', 'Mozilla/5.0 (Windows NT 10.0; Win64; x64) AppleWebKit/537.36 (KHTML, like Gecko) Chrome/143.0.0.0 Safari/537.36 Edg/143.0.0.0', '2025-12-30 07:01:00', '2025-12-30 07:01:00'),
(647, 'purchase', 8, 13, NULL, 1, '127.0.0.1', 'Mozilla/5.0 (Windows NT 10.0; Win64; x64) AppleWebKit/537.36 (KHTML, like Gecko) Chrome/143.0.0.0 Safari/537.36 Edg/143.0.0.0', '2025-12-30 07:02:45', '2025-12-30 07:02:45'),
(648, 'purchase', 8, 15, NULL, 1, '127.0.0.1', 'Mozilla/5.0 (Windows NT 10.0; Win64; x64) AppleWebKit/537.36 (KHTML, like Gecko) Chrome/143.0.0.0 Safari/537.36 Edg/143.0.0.0', '2025-12-30 07:02:45', '2025-12-30 07:02:45'),
(649, 'search', 8, NULL, 'cas', NULL, '127.0.0.1', 'Mozilla/5.0 (Windows NT 10.0; Win64; x64) AppleWebKit/537.36 (KHTML, like Gecko) Chrome/143.0.0.0 Safari/537.36 Edg/143.0.0.0', '2025-12-30 07:03:25', '2025-12-30 07:03:25'),
(650, 'search', 8, NULL, 'ca', NULL, '127.0.0.1', 'Mozilla/5.0 (Windows NT 10.0; Win64; x64) AppleWebKit/537.36 (KHTML, like Gecko) Chrome/143.0.0.0 Safari/537.36 Edg/143.0.0.0', '2025-12-30 07:03:32', '2025-12-30 07:03:32');

-- --------------------------------------------------------

--
-- Table structure for table `admins`
--

CREATE TABLE `admins` (
  `id` bigint(20) UNSIGNED NOT NULL,
  `name` varchar(255) NOT NULL,
  `email` varchar(255) NOT NULL,
  `password` varchar(255) NOT NULL,
  `remember_token` varchar(100) DEFAULT NULL,
  `created_at` timestamp NULL DEFAULT NULL,
  `updated_at` timestamp NULL DEFAULT NULL,
  `image` text DEFAULT NULL
) ENGINE=InnoDB DEFAULT CHARSET=utf8mb4 COLLATE=utf8mb4_unicode_ci;

--
-- Dumping data for table `admins`
--

INSERT INTO `admins` (`id`, `name`, `email`, `password`, `remember_token`, `created_at`, `updated_at`, `image`) VALUES
(1, 'admin 1', 'admin1@gmail.com', '$2y$10$IzrVfoQpEcmv6ifL0JQlp.kGjpsCrr17ec4sazE9hq5agAL7lXG92', 'PfDm1dx5cAjF13ZKEACi7f2erh321sqZX89sP2b0zL35qV3qmTLWUqDiHwX9', NULL, '2024-04-05 04:23:29', 'admin_images/1/avatar.jpg'),
(2, 'admin 2', 'admin2@gmail.com', '$2y$10$JxnRNFeZXaaydJNc4iBOeu5htzju.Id2r7zhY7Nzca6n1tJyzAA76', NULL, NULL, NULL, NULL),
(3, 'admin 3', 'admin3@gmail.com', '$2a$12$hFVAqFevbKr1C96Y.ueBCeg72uDmc7Jhwy/wqn3XDgmfau8n4aCX2', NULL, NULL, NULL, NULL),
(5, 'adminnew', 'adminnew@gmail.com', '$2y$10$XI3gUc1HO1bmXe/BBIcgTuxutHH.rhXnpKPCTx/.Dh6c11qA6G3Om', NULL, '2024-04-03 14:35:00', '2024-04-03 14:35:00', 'admin_images/5/avatar.png');

-- --------------------------------------------------------

--
-- Table structure for table `admin_password_resets`
--

CREATE TABLE `admin_password_resets` (
  `id` bigint(20) UNSIGNED NOT NULL,
  `email` varchar(255) NOT NULL,
  `token` varchar(255) NOT NULL,
  `created_at` timestamp NULL DEFAULT NULL,
  `updated_at` timestamp NULL DEFAULT NULL
) ENGINE=InnoDB DEFAULT CHARSET=utf8mb4 COLLATE=utf8mb4_unicode_ci;

-- --------------------------------------------------------

--
-- Table structure for table `ai_suggestions`
--

CREATE TABLE `ai_suggestions` (
  `id` bigint(20) UNSIGNED NOT NULL,
  `suggestion_type` varchar(255) NOT NULL COMMENT 'pricing, inventory, combo, trending',
  `product_id` bigint(20) UNSIGNED DEFAULT NULL,
  `title` varchar(255) NOT NULL,
  `description` text NOT NULL,
  `action_recommendation` text DEFAULT NULL,
  `metadata` longtext CHARACTER SET utf8mb4 COLLATE utf8mb4_bin DEFAULT NULL COMMENT 'Additional data like metrics, related products' CHECK (json_valid(`metadata`)),
  `priority` int(11) NOT NULL DEFAULT 1 COMMENT '1=low, 2=medium, 3=high',
  `is_active` tinyint(1) NOT NULL DEFAULT 1,
  `is_dismissed` tinyint(1) NOT NULL DEFAULT 0,
  `dismissed_at` timestamp NULL DEFAULT NULL,
  `created_at` timestamp NULL DEFAULT NULL,
  `updated_at` timestamp NULL DEFAULT NULL
) ENGINE=InnoDB DEFAULT CHARSET=utf8mb4 COLLATE=utf8mb4_unicode_ci;

--
-- Dumping data for table `ai_suggestions`
--

INSERT INTO `ai_suggestions` (`id`, `suggestion_type`, `product_id`, `title`, `description`, `action_recommendation`, `metadata`, `priority`, `is_active`, `is_dismissed`, `dismissed_at`, `created_at`, `updated_at`) VALUES
(1, 'pricing', 11, 'Giảm giá cho Cải bó xôi Organic 300gr', 'Tỷ lệ bỏ giỏ cao (70%) cho thấy giá có thể là rào cản. Giảm giá có thể tăng tỷ lệ chuyển đổi.', 'Giảm giá xuống 5,000 VNĐ hoặc khuyến mãi 10% cho đơn hàng đầu tiên.', '{\"ai_generated\":true,\"reasoning\":\"Gi\\u1ea3m t\\u1ef7 l\\u1ec7 b\\u1ecf gi\\u1ecf s\\u1ebd gi\\u00fap t\\u0103ng doanh thu.\",\"generated_at\":\"2025-12-30 13:58:01\",\"model\":\"ChatGPT\"}', 3, 1, 0, NULL, '2025-12-30 06:58:01', '2025-12-30 06:58:01'),
(2, 'inventory', 14, 'Xả hàng Thịt heo ba chỉ', 'Tồn kho thấp (11 sản phẩm) nhưng không có lượt xem và mua hàng. Cần xả hàng để tránh lãng phí.', 'Chạy chương trình khuyến mãi hoặc bundle với sản phẩm khác.', '{\"ai_generated\":true,\"reasoning\":\"Gi\\u1ea3i ph\\u00f3ng kho v\\u00e0 t\\u0103ng doanh thu t\\u1eeb s\\u1ea3n ph\\u1ea9m kh\\u00e1c.\",\"generated_at\":\"2025-12-30 13:58:01\",\"model\":\"ChatGPT\"}', 2, 1, 0, NULL, '2025-12-30 06:58:01', '2025-12-30 06:58:01'),
(3, 'trending', 12, 'Tăng cường quảng bá cho ớt', 'Sản phẩm ớt có tỷ lệ chuyển đổi cao (8.06%) và lượt xem tăng trưởng mạnh (207%).', 'Tăng stock và chạy quảng cáo trên mạng xã hội.', '{\"ai_generated\":true,\"reasoning\":\"T\\u1eadn d\\u1ee5ng xu h\\u01b0\\u1edbng \\u0111\\u1ec3 t\\u0103ng doanh thu.\",\"generated_at\":\"2025-12-30 13:58:01\",\"model\":\"ChatGPT\"}', 2, 1, 0, NULL, '2025-12-30 06:58:01', '2025-12-30 06:58:01'),
(4, 'combo', 11, 'Khuyến mãi combo Cải bó xôi và Cá Lóc', 'Sản phẩm thường được mua cùng nhau. Tạo combo có thể khuyến khích mua sắm nhiều hơn.', 'Giảm giá combo khi mua cả hai sản phẩm.', '{\"ai_generated\":true,\"reasoning\":\"T\\u0103ng gi\\u00e1 tr\\u1ecb \\u0111\\u01a1n h\\u00e0ng v\\u00e0 gi\\u1ea3m t\\u1ef7 l\\u1ec7 b\\u1ecf gi\\u1ecf.\",\"generated_at\":\"2025-12-30 13:58:01\",\"model\":\"ChatGPT\"}', 2, 1, 0, NULL, '2025-12-30 06:58:01', '2025-12-30 06:58:01'),
(5, 'trending', 13, 'Tăng cường quảng bá cho Cá Lóc Tươi Sống', 'Cá Lóc có lượt xem thấp nhưng là sản phẩm có tiềm năng. Cần tăng cường quảng bá.', 'Chạy quảng cáo và khuyến mãi cho sản phẩm này.', '{\"ai_generated\":true,\"reasoning\":\"T\\u0103ng l\\u01b0\\u1ee3t xem v\\u00e0 doanh thu t\\u1eeb s\\u1ea3n ph\\u1ea9m c\\u00f3 ti\\u1ec1m n\\u0103ng.\",\"generated_at\":\"2025-12-30 13:58:01\",\"model\":\"ChatGPT\"}', 2, 1, 0, NULL, '2025-12-30 06:58:01', '2025-12-30 06:58:01'),
(6, 'pricing', 19, 'Giảm giá cho Sữa dinh dưỡng Dutch Lady', 'Sản phẩm không có lượt xem và mua hàng. Cần điều chỉnh giá để thu hút khách hàng.', 'Giảm giá xuống 400,000 VNĐ hoặc khuyến mãi cho đơn hàng đầu tiên.', '{\"ai_generated\":true,\"reasoning\":\"Gi\\u1ea3m gi\\u00e1 c\\u00f3 th\\u1ec3 thu h\\u00fat kh\\u00e1ch h\\u00e0ng v\\u00e0 t\\u0103ng doanh thu.\",\"generated_at\":\"2025-12-30 13:58:01\",\"model\":\"ChatGPT\"}', 3, 1, 0, NULL, '2025-12-30 06:58:01', '2025-12-30 06:58:01'),
(7, 'trending', 18, 'Tăng cường quảng bá cho Cà chua 300g', 'Sản phẩm không có lượt xem và mua hàng. Cần tăng cường quảng bá để thu hút khách hàng.', 'Chạy quảng cáo và khuyến mãi cho sản phẩm này.', '{\"ai_generated\":true,\"reasoning\":\"T\\u0103ng l\\u01b0\\u1ee3t xem v\\u00e0 doanh thu t\\u1eeb s\\u1ea3n ph\\u1ea9m c\\u00f3 ti\\u1ec1m n\\u0103ng.\",\"generated_at\":\"2025-12-30 13:58:01\",\"model\":\"ChatGPT\"}', 2, 1, 0, NULL, '2025-12-30 06:58:01', '2025-12-30 06:58:01'),
(8, 'combo', 12, 'Khuyến mãi combo ớt và Cà Lóc', 'Sản phẩm ớt và Cá Lóc thường được mua cùng nhau. Tạo combo có thể khuyến khích mua sắm nhiều hơn.', 'Giảm giá combo khi mua cả hai sản phẩm.', '{\"ai_generated\":true,\"reasoning\":\"T\\u0103ng gi\\u00e1 tr\\u1ecb \\u0111\\u01a1n h\\u00e0ng v\\u00e0 gi\\u1ea3m t\\u1ef7 l\\u1ec7 b\\u1ecf gi\\u1ecf.\",\"generated_at\":\"2025-12-30 13:58:01\",\"model\":\"ChatGPT\"}', 2, 1, 0, NULL, '2025-12-30 06:58:01', '2025-12-30 06:58:01'),
(9, 'trending', 14, 'Tăng cường quảng bá cho Thịt heo xay C.P', 'Sản phẩm có tỷ lệ chuyển đổi cao nhưng lượt xem thấp. Cần tăng cường quảng bá.', 'Chạy quảng cáo và khuyến mãi cho sản phẩm này.', '{\"ai_generated\":true,\"reasoning\":\"T\\u0103ng l\\u01b0\\u1ee3t xem v\\u00e0 doanh thu t\\u1eeb s\\u1ea3n ph\\u1ea9m c\\u00f3 ti\\u1ec1m n\\u0103ng.\",\"generated_at\":\"2025-12-30 13:58:01\",\"model\":\"ChatGPT\"}', 2, 1, 0, NULL, '2025-12-30 06:58:01', '2025-12-30 06:58:01');

-- --------------------------------------------------------

--
-- Table structure for table `attributes`
--

CREATE TABLE `attributes` (
  `id` bigint(20) UNSIGNED NOT NULL,
  `name` varchar(255) NOT NULL COMMENT 'ten thuoc tinh',
  `created_at` timestamp NULL DEFAULT NULL,
  `updated_at` timestamp NULL DEFAULT NULL
) ENGINE=InnoDB DEFAULT CHARSET=utf8mb4 COLLATE=utf8mb4_unicode_ci;

--
-- Dumping data for table `attributes`
--

INSERT INTO `attributes` (`id`, `name`, `created_at`, `updated_at`) VALUES
(1, 'cai', '0000-00-00 00:00:00', '0000-00-00 00:00:00');

-- --------------------------------------------------------

--
-- Table structure for table `banners`
--

CREATE TABLE `banners` (
  `id` bigint(20) UNSIGNED NOT NULL,
  `image` text DEFAULT NULL,
  `created_at` timestamp NULL DEFAULT NULL,
  `updated_at` timestamp NULL DEFAULT NULL,
  `status` tinyint(1) NOT NULL DEFAULT 1
) ENGINE=InnoDB DEFAULT CHARSET=utf8mb4 COLLATE=utf8mb4_unicode_ci;

--
-- Dumping data for table `banners`
--

INSERT INTO `banners` (`id`, `image`, `created_at`, `updated_at`, `status`) VALUES
(7, 'banner_images/7/avatar.jpg', '2024-04-03 14:45:55', '2024-04-03 14:45:55', 1);

-- --------------------------------------------------------

--
-- Table structure for table `carts`
--

CREATE TABLE `carts` (
  `product_id` bigint(20) UNSIGNED NOT NULL,
  `user_id` bigint(20) UNSIGNED NOT NULL,
  `quantity` int(11) NOT NULL,
  `created_at` timestamp NULL DEFAULT NULL,
  `updated_at` timestamp NULL DEFAULT NULL
) ENGINE=InnoDB DEFAULT CHARSET=utf8mb4 COLLATE=utf8mb4_unicode_ci;

--
-- Dumping data for table `carts`
--

INSERT INTO `carts` (`product_id`, `user_id`, `quantity`, `created_at`, `updated_at`) VALUES
(13, 5, 1, '2025-12-30 05:27:33', '2025-12-30 05:27:33'),
(13, 7, 2, '2025-12-30 06:15:25', '2025-12-30 06:15:25');

-- --------------------------------------------------------

--
-- Table structure for table `categories`
--

CREATE TABLE `categories` (
  `id` bigint(20) UNSIGNED NOT NULL,
  `name` varchar(255) NOT NULL,
  `created_at` timestamp NULL DEFAULT NULL,
  `updated_at` timestamp NULL DEFAULT NULL
) ENGINE=InnoDB DEFAULT CHARSET=utf8mb4 COLLATE=utf8mb4_unicode_ci;

--
-- Dumping data for table `categories`
--

INSERT INTO `categories` (`id`, `name`, `created_at`, `updated_at`) VALUES
(8, 'Trái Cây', '2025-10-27 12:56:20', '2025-10-27 12:56:28'),
(9, 'Rau Củ', '2025-10-27 12:56:35', '2025-12-30 05:43:13'),
(10, 'Thịt Tươi & Hải Sản', '2025-10-27 12:56:46', '2025-12-30 05:42:57'),
(11, 'Trứng', '2025-12-30 05:43:27', '2025-12-30 05:43:27'),
(12, 'Sữa tươi', '2025-12-30 05:43:49', '2025-12-30 05:43:49'),
(13, 'Thực Phẩm Khô & Gia Vị', '2025-12-30 05:44:05', '2025-12-30 05:44:05'),
(14, 'Thực Phẩm Đông Lạnh & Chế Biến Sẵn', '2025-12-30 05:44:17', '2025-12-30 05:44:17');

-- --------------------------------------------------------

--
-- Table structure for table `city`
--

CREATE TABLE `city` (
  `id` bigint(20) UNSIGNED NOT NULL,
  `code` varchar(255) NOT NULL,
  `name` varchar(255) NOT NULL,
  `shipping_fee` double NOT NULL DEFAULT 0,
  `created_at` timestamp NULL DEFAULT NULL,
  `updated_at` timestamp NULL DEFAULT NULL
) ENGINE=InnoDB DEFAULT CHARSET=utf8mb4 COLLATE=utf8mb4_unicode_ci;

--
-- Dumping data for table `city`
--

INSERT INTO `city` (`id`, `code`, `name`, `shipping_fee`, `created_at`, `updated_at`) VALUES
(1, '11', 'Tphcm', 20000, '0000-00-00 00:00:00', '0000-00-00 00:00:00'),
(2, '111', 'Cà Mau', 46000, '2000-01-22 17:00:00', '0000-00-00 00:00:00'),
(3, '444', 'Long An', 100000, '2000-01-22 17:00:00', '2024-04-05 04:29:34');

-- --------------------------------------------------------

--
-- Table structure for table `cong_thuc`
--

CREATE TABLE `cong_thuc` (
  `id` int(11) NOT NULL,
  `tenmonan` varchar(255) DEFAULT NULL,
  `congthuc` text DEFAULT NULL
) ENGINE=InnoDB DEFAULT CHARSET=utf8mb4 COLLATE=utf8mb4_unicode_ci;

--
-- Dumping data for table `cong_thuc`
--

INSERT INTO `cong_thuc` (`id`, `tenmonan`, `congthuc`) VALUES
(2, 'Canh chua cá lóc', 'Nguyên liệu:\r\n- 1 con cá lóc 600g\r\n- 1 trái thơm\r\n- 2 trái cà chua\r\n- Bạc hà, đậu bắp, giá\r\n- Me chua, hành ngò, ớt\r\n\r\nCách làm:\r\n1. Cá lóc làm sạch, cắt khúc.\r\n2. Phi hành, cho cà chua vào xào mềm.\r\n3. Cho nước vào, nấu sôi rồi cho cá vào.\r\n4. Cho thơm, bạc hà, đậu bắp.\r\n5. Pha nước me, nêm muối, đường, nước mắm.\r\n6. Nấu thêm 3–5 phút, cho ngò gai và ớt vào rồi tắt bếp.'),
(3, 'Thịt kho tàu', 'Nguyên liệu:\r\n- 500g thịt ba chỉ\r\n- 5–6 trứng vịt hoặc trứng cút\r\n- 1 trái dừa tươi\r\n- Nước mắm, đường, tiêu, hành tỏi\r\n\r\nCách làm:\r\n1. Luộc trứng, lột vỏ, chiên vàng.\r\n2. Cắt thịt miếng vuông, ướp nước mắm + đường + tiêu.\r\n3. Thắng nước màu rồi cho thịt vào đảo săn.\r\n4. Đổ nước dừa vào ngập mặt, kho 40–60 phút.\r\n5. Cho trứng vào kho thêm 10 phút, nêm lại vừa ăn.'),
(4, 'Canh bí đỏ nấu tôm', 'Nguyên liệu:\r\n- 300g bí đỏ\r\n- 150g tôm tươi\r\n- Hành lá, ngò, gia vị\r\n\r\nCách làm:\r\n1. Tôm bóc vỏ, băm nhỏ, ướp muối và tiêu.\r\n2. Phi hành, cho tôm vào xào săn.\r\n3. Thêm nước, đun sôi rồi cho bí đỏ vào.\r\n4. Nấu 10–15 phút đến khi bí mềm.\r\n5. Nêm nước mắm, hạt nêm, hành lá và tắt bếp.'),
(5, 'Trứng chiên thịt băm', 'Nguyên liệu:\r\n- 4 quả trứng gà\r\n- 100g thịt heo băm\r\n- Hành lá, nước mắm, tiêu\r\n\r\nCách làm:\r\n1. Trộn trứng, thịt băm, hành và gia vị.\r\n2. Làm nóng chảo dầu, đổ hỗn hợp vào.\r\n3. Chiên vàng hai mặt.\r\n4. Cắt miếng và thưởng thức.'),
(6, 'Mướp đắng xào trứng', 'Nguyên liệu:\r\n- 2 quả mướp đắng\r\n- 2 quả trứng\r\n- Tỏi, dầu ăn, gia vị\r\n\r\nCách làm:\r\n1. Cắt mướp đắng lát mỏng, ngâm nước muối 10 phút.\r\n2. Phi tỏi thơm, cho mướp đắng vào xào.\r\n3. Đập trứng vào, đảo đều.\r\n4. Nêm nước mắm, tiêu rồi tắt bếp.'),
(7, 'Mướp đắng xào thịt', 'Nguyên liệu:\r\n- 200g thịt heo thái mỏng\r\n- 2 quả mướp đắng\r\n- Tỏi, gia vị\r\n\r\nCách làm:\r\n1. Ướp thịt với nước mắm, tiêu.\r\n2. Phi tỏi, xào thịt chín.\r\n3. Cho mướp đắng vào đảo đều.\r\n4. Nêm lại vừa ăn và tắt bếp.'),
(8, 'Cải ngọt xào tỏi', 'Nguyên liệu:\r\n- 1 bó rau cải ngọt\r\n- 4 tép tỏi\r\n- Dầu ăn, gia vị\r\n\r\nCách làm:\r\n1. Băm tỏi, phi thơm.\r\n2. Cho rau vào xào lửa lớn.\r\n3. Nêm muối, nước mắm và tiêu.\r\n4. Xào chín tới và tắt bếp.'),
(9, 'Đậu que xào thịt', 'Nguyên liệu:\r\n- 200g đậu que\r\n- 150g thịt heo\r\n- Tỏi, nước mắm, gia vị\r\n\r\nCách làm:\r\n1. Xào thịt heo đến khi săn.\r\n2. Cho đậu que vào đảo đều.\r\n3. Nêm nước mắm, hạt nêm.\r\n4. Xào thêm vài phút đến khi chín.'),
(10, 'Thịt heo rang cháy cạnh', 'Nguyên liệu:\r\n- 300g thịt ba chỉ\r\n- Nước mắm, đường, tiêu\r\n\r\nCách làm:\r\n1. Cắt thịt miếng mỏng.\r\n2. Cho thịt vào chảo rang đến khi ra mỡ và xém cạnh.\r\n3. Nêm nước mắm và đường.\r\n4. Rang thêm 5 phút để thịt sậm màu, thơm.'),
(11, 'Cá basa kho tộ', 'Nguyên liệu:\r\n- 400g cá basa\r\n- Hành, tỏi, tiêu\r\n- Nước mắm, đường, nước màu\r\n\r\nCách làm:\r\n1. Ướp cá với nước mắm + tiêu.\r\n2. Phi tỏi, cho cá vào kho nhẹ.\r\n3. Thêm nước màu và chút nước sôi.\r\n4. Kho lửa nhỏ 20–30 phút đến khi sệt.'),
(12, 'Gà kho gừng', 'Nguyên liệu:\r\n- 500g thịt gà\r\n- 1 củ gừng thái sợi\r\n- 3 tép tỏi, hành tím\r\n- Nước mắm, đường, tiêu, ớt\r\nCách làm:\r\n1. Gà rửa sạch, ướp nước mắm, gừng, tỏi, tiêu 20 phút.\r\n2. Phi hành tỏi cho thơm, cho gà vào xào săn.\r\n3. Thêm nước xâm xấp và kho lửa nhỏ 25–30 phút.\r\n4. Nêm lại gia vị, thêm tiêu và ớt rồi tắt bếp.'),
(13, 'Cá kho tộ', 'Nguyên liệu:\r\n- 400g cá basa hoặc cá trê\r\n- 2 muỗng đường, nước mắm, tiêu, ớt\r\n- Tỏi, hành tím, tóp mỡ\r\nCách làm:\r\n1. Thắng đường làm nước màu.\r\n2. Cho cá, nước mắm, hành tỏi, tiêu vào tộ, đảo nhẹ.\r\n3. Thêm nước nóng, kho lửa nhỏ 40 phút.\r\n4. Khi nước sệt lại thì thêm tóp mỡ và ớt.'),
(14, 'Canh rau ngót nấu thịt', 'Nguyên liệu:\r\n- 1 bó rau ngót\r\n- 150g thịt băm\r\n- Hành tím, gia vị\r\nCách làm:\r\n1. Rau ngót vò nhẹ cho mềm.\r\n2. Phi hành, cho thịt vào xào.\r\n3. Thêm nước, sôi thì cho rau ngót vào.\r\n4. Nêm gia vị vừa ăn, nấu thêm 3 phút.'),
(15, 'Thịt ba chỉ rang cháy cạnh', 'Nguyên liệu:\r\n- 400g thịt ba chỉ\r\n- Nước mắm, đường, tỏi, tiêu\r\nCách làm:\r\n1. Thịt thái miếng mỏng.\r\n2. Cho thịt vào chảo rang đến khi săn và ra mỡ.\r\n3. Cho tỏi, nước mắm, đường vào đảo đều.\r\n4. Rang đến khi vàng cháy cạnh thì thêm tiêu.'),
(16, 'Canh chua cá lóc', 'Nguyên liệu:\r\n- 1 con cá lóc nhỏ\r\n- Bạc hà, cà chua, giá, me chua, thơm\r\n- Hành, ngò gai\r\nCách làm:\r\n1. Cá cắt khúc, ướp muối 10 phút.\r\n2. Nấu nước sôi, cho me vào dầm lấy nước.\r\n3. Thêm cà chua, thơm, rồi cho cá vào.\r\n4. Khi cá chín, cho bạc hà, giá, nêm lại và tắt bếp.'),
(17, 'Đậu hũ sốt cà chua', 'Nguyên liệu:\r\n- 3 miếng đậu hũ chiên\r\n- 3 quả cà chua\r\n- Hành lá, tỏi, đường, nước mắm\r\nCách làm:\r\n1. Phi tỏi, cho cà chua vào xào nhuyễn.\r\n2. Nêm đường và nước mắm.\r\n3. Cho đậu vào đảo nhẹ.\r\n4. Rim 5–7 phút rồi thêm hành lá.'),
(18, 'Thịt kho trứng', 'Nguyên liệu:\r\n- 500g thịt ba chỉ\r\n- 5 trứng gà hoặc trứng cút\r\n- Nước dừa, nước mắm, đường\r\nCách làm:\r\n1. Thịt cắt khúc, trụng qua nước sôi.\r\n2. Thắng nước màu, cho thịt vào đảo.\r\n3. Thêm nước dừa và trứng đã luộc.\r\n4. Kho lửa nhỏ 1 giờ đến khi nước sệt.'),
(19, 'Canh bí đỏ nấu tôm', 'Nguyên liệu:\r\n- 300g bí đỏ\r\n- 150g tôm tươi\r\n- Hành lá, gia vị\r\nCách làm:\r\n1. Tôm lột vỏ, giã sơ.\r\n2. Bí đỏ cắt miếng vừa ăn.\r\n3. Xào tôm với hành rồi thêm nước.\r\n4. Nước sôi cho bí vào nấu mềm, nêm lại.'),
(20, 'Mực xào chua ngọt', 'Nguyên liệu:\r\n- 300g mực\r\n- Hành tây, ớt chuông\r\n- Tương cà, tương ớt, đường, dấm\r\nCách làm:\r\n1. Mực làm sạch, cắt khoanh, trụng nhanh nước sôi.\r\n2. Xào hành tây, ớt chuông.\r\n3. Cho mực vào, nêm hỗn hợp chua ngọt.\r\n4. Xào 3–5 phút thì tắt bếp.'),
(21, 'Trứng chiên thịt băm', 'Nguyên liệu:\r\n- 3 trứng gà\r\n- 100g thịt băm\r\n- Hành lá, nước mắm, tiêu\r\nCách làm:\r\n1. Xào sơ thịt băm với hành.\r\n2. Đánh trứng với gia vị.\r\n3. Cho thịt vào trộn và chiên vàng 2 mặt.\r\n4. Rắc tiêu lên trên trước khi dùng.'),
(22, 'Bún bò Huế', 'Nguyên liệu:\r\n- 500g bắp bò\r\n- 300g giò heo\r\n- 1 cây sả, ớt, hành\r\n- Mắm ruốc, gừng, muối, đường\r\n- Bún tươi, rau sống\r\nCách làm:\r\n1. Ninh giò heo và bò với sả đập dập.\r\n2. Hòa mắm ruốc với nước nóng, lọc lấy nước cho vào nồi.\r\n3. Nêm muối, đường, ớt sate.\r\n4. Chan nước dùng vào tô bún, thêm thịt và rau sống.'),
(23, 'Bò xào cần tây', 'Nguyên liệu:\r\n- 300g thịt bò\r\n- 1 bó cần tây\r\n- Hành tây, tỏi, dầu hào\r\nCách làm:\r\n1. Thịt bò ướp dầu hào, tỏi, tiêu 15 phút.\r\n2. Xào bò nhanh lửa lớn rồi trút ra.\r\n3. Xào cần tây và hành tây, sau đó cho bò vào đảo đều.\r\n4. Nêm lại gia vị vừa ăn.'),
(24, 'Canh cá nấu dứa', 'Nguyên liệu:\r\n- 1 con cá diêu hồng hoặc cá lóc\r\n- ½ quả dứa, cà chua\r\n- Hành, thì là\r\nCách làm:\r\n1. Cá cắt khúc, ướp muối.\r\n2. Xào cà chua, cho nước vào đun sôi.\r\n3. Cho cá và dứa vào nấu chín.\r\n4. Thêm thì là, hành và nêm lại gia vị.'),
(25, 'Canh cải nấu tôm', 'Nguyên liệu:\r\n- 1 bó cải ngọt\r\n- 150g tôm\r\n- Hành tím, gia vị\r\nCách làm:\r\n1. Tôm lột vỏ, giã sơ.\r\n2. Phi hành, xào tôm cho thơm.\r\n3. Cho nước vào đun sôi rồi cho cải vào.\r\n4. Nêm muối, đường cho vừa ăn.'),
(26, 'Cánh gà chiên nước mắm', 'Nguyên liệu:\r\n- 10 cánh gà\r\n- Tỏi băm\r\n- Nước mắm, đường, tiêu\r\nCách làm:\r\n1. Chiên vàng cánh gà.\r\n2. Phi tỏi, làm hỗn hợp mắm đường.\r\n3. Cho gà vào rim nhỏ lửa đến khi sệt.\r\n4. Rắc thêm tiêu khi tắt bếp.'),
(27, 'Cá chiên sốt me', 'Nguyên liệu:\r\n- 1 con cá rô phi hoặc basa\r\n- 3 muỗng nước cốt me\r\n- Đường, nước mắm, tỏi, ớt\r\nCách làm:\r\n1. Chiên cá vàng giòn.\r\n2. Pha nước sốt me: me + đường + mắm + tỏi + ớt.\r\n3. Cho cá vào chảo, đun nhỏ lửa 5 phút cho thấm.\r\n4. Rắc hành ngò lên trên.'),
(28, 'Thịt heo xào sả ớt', 'Nguyên liệu:\r\n- 300g thịt heo\r\n- 2 cây sả băm\r\n- 2 trái ớt, tỏi\r\nCách làm:\r\n1. Thịt heo thái mỏng, ướp sả ớt + mắm + tiêu 15 phút.\r\n2. Phi tỏi, cho thịt vào xào.\r\n3. Xào đến khi thịt săn thì nêm lại.\r\n4. Thêm sả ớt cuối cùng cho thơm.'),
(29, 'Canh khoai mỡ', 'Nguyên liệu:\r\n- 1 củ khoai mỡ\r\n- 150g tôm hoặc thịt băm\r\n- Hành lá\r\nCách làm:\r\n1. Mài khoai mỡ cho nhuyễn.\r\n2. Xào tôm (hoặc thịt), cho nước vào đun sôi.\r\n3. Cho khoai vào, khuấy đều tay.\r\n4. Nêm gia vị và thêm hành lá.'),
(30, 'Miến xào gà', 'Nguyên liệu:\r\n- 200g miến dong\r\n- 200g thịt gà xé\r\n- Cà rốt, nấm mèo, hành tây\r\nCách làm:\r\n1. Ngâm miến mềm, cắt ngắn.\r\n2. Xào thịt gà, sau đó xào rau củ.\r\n3. Cho miến vào, nêm nước mắm + tiêu.\r\n4. Trộn đều và xào 3 phút.'),
(31, 'Cá hồi áp chảo', 'Nguyên liệu:\r\n- 2 miếng cá hồi\r\n- Muối, tiêu, bơ\r\n- Chanh, tỏi\r\nCách làm:\r\n1. Ướp cá hồi muối tiêu 10 phút.\r\n2. Áp chảo với bơ 2–3 phút mỗi mặt.\r\n3. Vắt chanh và rắc tỏi phi lên trên.\r\n4. Dùng kèm rau củ hấp.'),
(32, 'Canh rong biển nấu thịt', 'Nguyên liệu:\r\n- 1 bó rong biển khô\r\n- 150g thịt băm\r\n- Hành tím, tiêu, nước mắm\r\nCách làm:\r\n1. Ngâm rong biển cho nở rồi rửa sạch.\r\n2. Phi hành, xào thịt băm cho săn.\r\n3. Đổ nước vào đun sôi, cho rong biển vào.\r\n4. Nêm nước mắm, tiêu và thêm hành trước khi tắt bếp.'),
(33, 'Gỏi tai heo', 'Nguyên liệu:\r\n- 1 cái tai heo\r\n- Rau răm, cà rốt, hành tây\r\n- Nước mắm, đường, giấm, ớt, tỏi\r\nCách làm:\r\n1. Tai heo luộc chín, thái mỏng.\r\n2. Pha nước trộn: mắm + giấm + đường + tỏi + ớt.\r\n3. Trộn tai heo với rau răm, cà rốt, hành tây.\r\n4. Rưới nước trộn, trộn đều và để thấm 10 phút.'),
(34, 'Trứng chiên hành', 'Nguyên liệu:\r\n- 3 quả trứng\r\n- Hành lá\r\n- Nước mắm, tiêu\r\nCách làm:\r\n1. Đập trứng, nêm mắm, tiêu và đánh đều.\r\n2. Thêm hành lá cắt nhỏ.\r\n3. Chiên lửa vừa đến khi vàng hai mặt.\r\n4. Cắt miếng và dùng nóng.'),
(35, 'Cá kho tộ', 'Nguyên liệu:\r\n- 1 con cá basa hoặc cá thu\r\n- Tỏi, hành, ớt\r\n- Nước mắm, đường, tiêu\r\nCách làm:\r\n1. Ướp cá với mắm, đường, tiêu 20 phút.\r\n2. Phi tỏi, cho cá vào kho lửa nhỏ.\r\n3. Đổ thêm nước và kho đến khi sệt.\r\n4. Thêm tiêu và ớt trước khi tắt bếp.'),
(36, 'Gà hấp hành', 'Nguyên liệu:\r\n- 1/2 con gà\r\n- Gừng, hành lá\r\n- Muối, tiêu\r\nCách làm:\r\n1. Ướp gà với muối và tiêu.\r\n2. Gừng và hành lót dưới nồi, đặt gà lên trên.\r\n3. Hấp 30–40 phút đến khi chín.\r\n4. Rắc thêm hành lá trước khi dùng.'),
(37, 'Canh bầu nấu tôm', 'Nguyên liệu:\r\n- 1 trái bầu\r\n- 150g tôm\r\n- Hành lá\r\nCách làm:\r\n1. Tôm giã nhuyễn, ướp chút muối.\r\n2. Phi hành, xào tôm.\r\n3. Thêm nước, đun sôi rồi cho bầu thái mỏng vào.\r\n4. Nêm gia vị và thêm hành.'),
(38, 'Thịt băm rang mắm', 'Nguyên liệu:\r\n- 200g thịt băm\r\n- Tỏi, hành\r\n- Nước mắm, đường, tiêu\r\nCách làm:\r\n1. Phi hành tỏi thơm.\r\n2. Cho thịt băm vào xào săn.\r\n3. Rim với nước mắm và đường đến khi khô.\r\n4. Thêm tiêu cho thơm.'),
(39, 'Cải thìa xào tỏi', 'Nguyên liệu:\r\n- 1 bó cải thìa\r\n- 4 tép tỏi\r\n- Dầu ăn, muối, nước tương\r\nCách làm:\r\n1. Chần sơ cải thìa.\r\n2. Phi tỏi vàng, cho cải vào xào.\r\n3. Nêm muối hoặc nước tương vừa ăn.\r\n4. Xào nhanh trên lửa lớn.'),
(40, 'Mực xào sa tế', 'Nguyên liệu:\r\n- 300g mực\r\n- Sa tế, tỏi, hành tây\r\n- Gia vị: muối, tiêu, nước mắm\r\nCách làm:\r\n1. Mực rửa sạch, cắt khoanh.\r\n2. Phi tỏi, cho mực vào xào nhanh.\r\n3. Thêm hành tây, sa tế và gia vị.\r\n4. Xào thêm 3 phút là xong.'),
(41, 'Đậu hũ chiên sả ớt', 'Nguyên liệu:\r\n- 3 miếng đậu hũ\r\n- Sả băm, ớt, tỏi\r\n- Nước mắm, đường\r\nCách làm:\r\n1. Cắt đậu hũ và chiên vàng.\r\n2. Phi tỏi + sả + ớt rồi nêm mắm đường.\r\n3. Cho đậu hũ vào đảo đều để thấm.\r\n4. Rim 2 phút rồi tắt bếp.'),
(42, 'Canh cải nấu thịt băm', 'Nguyên liệu:\r\n- 1 bó cải xanh\r\n- 150g thịt băm\r\n- Hành tím, nước mắm, tiêu\r\nCách làm:\r\n1. Phi hành tím rồi xào thịt băm cho săn.\r\n2. Thêm nước đun sôi, cho cải xanh cắt khúc vào.\r\n3. Nêm nước mắm, muối, tiêu vừa ăn.\r\n4. Thêm hành trước khi tắt bếp.'),
(43, 'Cá diêu hồng chiên giòn', 'Nguyên liệu:\r\n- 1 con cá diêu hồng\r\n- Muối, tiêu, bột chiên\r\nDầu ăn\r\nCách làm:\r\n1. Làm sạch cá, khứa vài đường và ướp muối tiêu.\r\n2. Phủ lớp bột mỏng hoặc để nguyên.\r\n3. Chiên ngập dầu đến khi vàng giòn.\r\n4. Ăn kèm nước mắm chua ngọt.'),
(44, 'Tôm rim nước mắm', 'Nguyên liệu:\r\n- 300g tôm\r\n- Tỏi, ớt\r\n- Nước mắm, đường, tiêu\r\nCách làm:\r\n1. Phi tỏi rồi cho tôm vào xào.\r\n2. Nêm nước mắm và đường.\r\n3. Rim đến khi nước sệt.\r\n4. Thêm tiêu và ớt xắt.'),
(45, 'Bò xào hành tây', 'Nguyên liệu:\r\n- 300g thịt bò thái mỏng\r\n- 1 củ hành tây\r\n- Tỏi, dầu hào, tiêu\r\nCách làm:\r\n1. Ướp bò với dầu hào, tỏi, tiêu.\r\n2. Xào bò lửa lớn cho săn.\r\n3. Cho hành tây vào đảo nhanh 1–2 phút.\r\n4. Nêm vừa ăn và tắt bếp.'),
(46, 'Sườn xào chua ngọt', 'Nguyên liệu:\r\n- 400g sườn non\r\n- Đường, giấm, nước mắm\r\n- Hành tỏi\r\nCách làm:\r\n1. Luộc sơ sườn, rồi chiên vàng.\r\n2. Pha nước sốt: đường + giấm + nước mắm.\r\n3. Phi tỏi rồi cho sườn vào xào với nước sốt.\r\n4. Rim đến khi sệt lại.'),
(47, 'Đậu hũ sốt cà chua', 'Nguyên liệu:\r\n- 3 miếng đậu hũ\r\n- Cà chua 2–3 quả\r\n- Tỏi, hành lá\r\nCách làm:\r\n1. Chiên đậu hũ vàng.\r\n2. Phi tỏi rồi cho cà chua vào nấu sốt.\r\n3. Cho đậu vào rim với nước sốt 5 phút.\r\n4. Thêm hành lá và tiêu.'),
(48, 'Nghêu hấp sả', 'Nguyên liệu:\r\n- 1kg nghêu\r\n- Sả, gừng, ớt\r\nCách làm:\r\n1. Rửa sạch nghêu.\r\n2. Đun nước với sả và gừng.\r\n3. Cho nghêu vào hấp đến khi mở miệng.\r\n4. Ăn với muối tiêu chanh.'),
(49, 'Cơm chiên trứng', 'Nguyên liệu:\r\n- Cơm nguội\r\n- 2 trứng gà\r\n- Hành lá, nước tương\r\nCách làm:\r\n1. Đánh trứng, chiên sơ rồi cho cơm vào đảo đều.\r\n2. Nêm nước tương và muối.\r\n3. Thêm hành lá và chiên săn là xong.'),
(50, 'Mì xào rau củ', 'Nguyên liệu:\r\n- Mì gói hoặc mì tươi\r\n- Bắp cải, cà rốt, hành tây\r\n- Nước tương, dầu hào\r\nCách làm:\r\n1. Trụng mì rồi để ráo.\r\n2. Xào rau củ, thêm mì vào trộn chung.\r\n3. Nêm nước tương + dầu hào.\r\n4. Xào thêm 2 phút là xong.'),
(51, 'Canh rau dền tôm khô', 'Nguyên liệu:\r\n- 1 bó rau dền\r\n- Tôm khô\r\n- Gia vị: muối, tiêu\r\nCách làm:\r\n1. Rửa tôm khô, nấu với nước đến khi mềm.\r\n2. Cho rau dền vào nấu chín.\r\n3. Nêm muối và tiêu vừa ăn.\r\n4. Tắt bếp và dùng nóng.'),
(52, 'Bún riêu cua', 'Nguyên liệu:\r\n- 300g cua đồng\r\n- 200g giò sống\r\n- 100g đậu hũ chiên\r\n- Cà chua, hành tím, tôm khô\r\n- Bún tươi, rau sống\r\nCách làm:\r\n1. Xay cua, lọc lấy nước, nêm gia vị.\r\n2. Phi hành, cho cà chua vào xào.\r\n3. Thêm nước cua và giò sống, nấu sôi.\r\n4. Cho đậu hũ, tôm khô, bún và rau sống trước khi ăn.'),
(53, 'Bánh canh giò heo', 'Nguyên liệu:\r\n- 1 cái giò heo\r\n- 200g bột bánh canh\r\n- Hành lá, ngò gai, tiêu, muối\r\nCách làm:\r\n1. Luộc giò heo chín mềm.\r\n2. Nấu nước dùng từ xương heo hoặc giò heo.\r\n3. Trụng bánh canh, cho vào tô, chan nước dùng và giò.\r\n4. Rắc hành, ngò, tiêu trước khi dùng.'),
(54, 'Mì quảng tôm thịt', 'Nguyên liệu:\r\n- 200g mì Quảng\r\n- 100g tôm, 100g thịt heo\r\n- Đậu phộng rang, rau sống, hành phi\r\nCách làm:\r\n1. Luộc mì vừa chín, xả nước lạnh.\r\n2. Xào thịt và tôm với hành tỏi.\r\n3. Chuẩn bị nước dùng nêm vừa ăn.\r\n4. Cho mì ra tô, xếp thịt tôm, chan nước dùng, rắc đậu phộng và rau sống.'),
(55, 'Cháo cá lóc', 'Nguyên liệu:\r\n- 1 con cá lóc nhỏ\r\n- 100g gạo\r\n- Hành lá, gừng, tiêu, muối\r\nCách làm:\r\n1. Gạo vo sạch, nấu cháo nhừ.\r\n2. Cá lóc làm sạch, cắt khúc, nêm gia vị.\r\n3. Cho cá vào cháo, nấu chín.\r\n4. Thêm hành lá, tiêu trước khi dùng.'),
(56, 'Gỏi bò bóp thấu', 'Nguyên liệu:\r\n- 200g thịt bò tái\r\n- Rau răm, hành tây, rau thơm\r\n- Nước mắm, chanh, tỏi, ớt\r\nCách làm:\r\n1. Thịt bò thái lát mỏng, trần nước sôi.\r\n2. Trộn rau củ, nước mắm, chanh, tỏi, ớt.\r\n3. Cho thịt vào trộn đều, để 10 phút cho thấm gia vị.\r\n4. Dọn ra đĩa, rắc thêm lạc rang.'),
(57, 'Sườn non rim mặn ngọt', 'Nguyên liệu:\r\n- 500g sườn non\r\n- Nước mắm, đường, tỏi, tiêu\r\nCách làm:\r\n1. Luộc sơ sườn, chắt nước.\r\n2. Phi tỏi, cho sườn vào xào.\r\n3. Thêm nước mắm, đường, rim đến khi sườn thấm và nước sệt.\r\n4. Rắc tiêu trước khi dùng.'),
(58, 'Đậu phụ sốt Tứ Xuyên (Mapo Tofu)', 'Nguyên liệu:\r\n- 3 miếng đậu hũ\r\n- Thịt băm 100g\r\n- Tỏi, hành, ớt, dầu hào\r\n- Nước tương, bột năng\r\nCách làm:\r\n1. Chiên đậu hũ vàng.\r\n2. Phi tỏi, hành, ớt, xào thịt băm.\r\n3. Thêm nước tương, đậu hũ vào nấu 5 phút.\r\n4. Hòa bột năng với nước, đổ vào tạo sốt sệt.'),
(59, 'Cơm rang dưa bò', 'Nguyên liệu:\r\n- Cơm nguội\r\n- Thịt bò thái nhỏ\r\n- Dưa cải muối, hành lá, trứng\r\nCách làm:\r\n1. Xào thịt bò cho săn.\r\n2. Thêm cơm và dưa cải, đảo đều.\r\n3. Đánh trứng, đổ vào, xào thêm 3–5 phút.\r\n4. Nêm gia vị vừa ăn, thêm hành lá.'),
(60, 'Canh bí đỏ nấu tôm', 'Nguyên liệu:\r\n- 300g bí đỏ\r\n- 150g tôm tươi\r\n- Hành lá, gia vị\r\nCách làm:\r\n1. Tôm bóc vỏ, rửa sạch.\r\n2. Phi hành, xào tôm sơ.\r\n3. Thêm nước, cho bí đỏ cắt miếng vào nấu chín.\r\n4. Nêm muối, đường, hành lá trước khi tắt bếp.'),
(61, 'Cá thu kho nghệ', 'Nguyên liệu:\r\n- 400g cá thu\r\n- Nghệ tươi, tỏi, nước mắm, đường\r\nCách làm:\r\n1. Cá cắt khúc, ướp nước mắm, nghệ, tỏi 15 phút.\r\n2. Kho nhỏ lửa đến khi cá thấm đều gia vị.\r\n3. Thêm chút tiêu trước khi tắt bếp.'),
(62, 'Gà hấp mắm nhĩ', 'Nguyên liệu:\r\n- 1/2 con gà\r\n- Mắm nhĩ, hành, gừng, tiêu\r\nCách làm:\r\n1. Ướp gà với mắm nhĩ, gừng, tiêu 20 phút.\r\n2. Hấp chín trên lửa vừa 30–40 phút.\r\n3. Rắc hành phi lên trên và dùng nóng.'),
(63, 'Thịt ba chỉ rang riềng', 'Nguyên liệu:\r\n- 400g thịt ba chỉ\r\n- Riềng băm, tỏi, nước mắm, đường\r\nCách làm:\r\n1. Thịt thái miếng vừa ăn, ướp nước mắm, đường 15 phút.\r\n2. Phi tỏi và riềng, cho thịt vào rang.\r\n3. Rang đến khi vàng thơm và săn, nêm gia vị vừa ăn.'),
(64, 'Canh bầu nấu nghêu', 'Nguyên liệu:\r\n- 1 quả bầu\r\n- 300g nghêu\r\n- Hành, ngò, tỏi, muối\r\nCách làm:\r\n1. Bầu cắt khúc, nghêu rửa sạch.\r\n2. Phi tỏi, cho nghêu vào xào sơ.\r\n3. Thêm nước, cho bầu vào nấu mềm.\r\n4. Nêm gia vị và thêm hành ngò trước khi dùng.'),
(65, 'Hủ tiếu xào', 'Nguyên liệu:\r\n- 200g hủ tiếu\r\n- Thịt, tôm, rau củ\r\n- Nước tương, dầu hào, tỏi\r\nCách làm:\r\n1. Trụng hủ tiếu, xào thịt tôm với tỏi.\r\n2. Cho rau củ, đảo đều.\r\n3. Thêm hủ tiếu, nêm nước tương, dầu hào.\r\n4. Xào 2–3 phút là xong.'),
(66, 'Gà sốt bơ tỏi', 'Nguyên liệu:\r\n- 1 con gà nhỏ hoặc cánh gà\r\n- Bơ, tỏi, muối, tiêu\r\nCách làm:\r\n1. Ướp gà với muối tiêu 10 phút.\r\n2. Áp chảo gà với bơ và tỏi phi vàng.\r\n3. Rim đến khi chín và sốt sệt lại.\r\n4. Dọn nóng kèm rau thơm.'),
(67, 'Cá chẽm sốt chanh dây', 'Nguyên liệu:\r\n- 2 miếng cá chẽm\r\n- Chanh dây, tỏi, đường, nước mắm\r\nCách làm:\r\n1. Chiên cá vàng đều hai mặt.\r\n2. Pha nước sốt chanh dây, tỏi, đường, nước mắm.\r\n3. Rưới nước sốt lên cá, nấu nhỏ lửa 3 phút.\r\n4. Dọn kèm rau sống.'),
(68, 'Bún bò trộn', 'Nguyên liệu:\r\n- 200g bún tươi\r\n- Thịt bò, rau sống, giá\r\n- Nước mắm, tỏi, chanh, ớt\r\nCách làm:\r\n1. Thịt bò xào sơ, nêm gia vị.\r\n2. Trộn bún với rau sống, giá.\r\n3. Cho thịt vào, rưới nước mắm chua ngọt.\r\n4. Trộn đều và dùng ngay.'),
(69, 'Kho quẹt tôm khô', 'Nguyên liệu:\r\n- 100g tôm khô\r\n- 50g thịt ba chỉ\r\n- Đậu phộng rang, tỏi, nước mắm, đường\r\nCách làm:\r\n1. Phi tỏi, xào thịt ba chỉ và tôm khô.\r\n2. Thêm nước mắm, đường, rim đến sệt.\r\n3. Cho đậu phộng rang vào trước khi tắt bếp.'),
(70, 'Mực nhồi thịt hấp', 'Nguyên liệu:\r\n- 300g mực\r\n- Thịt băm, hành, tỏi, tiêu\r\nCách làm:\r\n1. Nhồi thịt vào mực đã làm sạch.\r\n2. Hấp 10–15 phút đến khi chín.\r\n3. Rưới nước sốt đơn giản từ tỏi phi + nước mắm.'),
(71, 'Salad rau củ sốt mè rang', 'Nguyên liệu:\r\n- Xà lách, cà rốt, dưa leo, bắp cải\r\n- Sốt mè rang, dầu mè, muối, đường\r\nCách làm:\r\n1. Rửa và cắt rau củ vừa ăn.\r\n2. Pha sốt mè rang với dầu mè, muối, đường.\r\n3. Trộn rau củ với sốt đều.\r\n4. Dọn ngay để giữ độ tươi.'),
(72, 'Bún cá rô phi', 'Nguyên liệu:\r\n- 300g cá rô phi\r\n- 200g bún tươi\r\n- Cà chua, hành, thì là\r\n- Nước mắm, muối, tiêu\r\nCách làm:\r\n1. Cá rô phi làm sạch, chiên vàng.\r\n2. Nấu nước dùng từ cá và cà chua.\r\n3. Trụng bún, cho cá và nước dùng vào tô.\r\n4. Thêm hành, thì là trước khi dùng.'),
(73, 'Cháo gà hạt sen', 'Nguyên liệu:\r\n- 1/2 con gà\r\n- 50g hạt sen\r\n- Gạo, hành, tiêu, muối\r\nCách làm:\r\n1. Ninh gà với hạt sen đến khi mềm.\r\n2. Nấu cháo từ gạo, cho gà vào.\r\n3. Nêm gia vị vừa ăn.\r\n4. Thêm hành phi trước khi dùng.'),
(74, 'Canh chua cá lóc', 'Nguyên liệu:\r\n- 1 con cá lóc\r\n- Me chua, cà chua, dứa, giá\r\n- Hành, ngò, ớt, gia vị\r\nCách làm:\r\n1. Nấu nước dùng chua từ me và cà chua.\r\n2. Thêm cá lóc vào nấu chín.\r\n3. Cho dứa, giá, nêm gia vị.\r\n4. Rắc hành, ngò và ớt trước khi dùng.'),
(75, 'Gỏi cuốn tôm thịt', 'Nguyên liệu:\r\n- 100g tôm\r\n- 100g thịt ba chỉ\r\n- Rau sống, bánh tráng\r\n- Nước mắm chua ngọt\r\nCách làm:\r\n1. Luộc tôm, thịt chín, thái vừa ăn.\r\n2. Nhúng bánh tráng, xếp rau, tôm thịt và cuốn.\r\n3. Pha nước mắm chua ngọt chấm.\r\n4. Dọn ăn kèm rau sống.'),
(76, 'Thịt kho tàu', 'Nguyên liệu:\r\n- 500g thịt ba chỉ\r\n- Trứng luộc\r\n- Nước mắm, đường, tiêu, hành tím\r\nCách làm:\r\n1. Thịt thái miếng, ướp gia vị.\r\n2. Rim thịt với đường, nước mắm, hành.\r\n3. Thêm trứng luộc, kho đến khi nước sệt.\r\n4. Rắc tiêu trước khi dùng.'),
(77, 'Cá hồi nướng giấy bạc', 'Nguyên liệu:\r\n- 2 miếng cá hồi\r\n- Chanh, tỏi, dầu ô liu, muối, tiêu\r\nCách làm:\r\n1. Ướp cá với tỏi, chanh, dầu ô liu, muối, tiêu.\r\n2. Gói cá trong giấy bạc.\r\n3. Nướng 15–20 phút ở 180 độ C.\r\n4. Dọn nóng kèm rau sống.'),
(78, 'Bò nướng lá lốt', 'Nguyên liệu:\r\n- 300g thịt bò băm\r\n- Lá lốt\r\n- Tỏi, tiêu, nước mắm\r\nCách làm:\r\n1. Trộn thịt bò với gia vị.\r\n2. Cuốn thịt vào lá lốt.\r\n3. Nướng trên than hoặc áp chảo đến khi chín.\r\n4. Dùng kèm nước mắm chua ngọt.'),
(79, 'Canh mồng tơi nấu tôm', 'Nguyên liệu:\r\n- 1 bó mồng tơi\r\n- 150g tôm tươi\r\n- Hành, tỏi, muối, tiêu\r\nCách làm:\r\n1. Phi hành tỏi, xào tôm sơ.\r\n2. Thêm nước, đun sôi, cho mồng tơi vào.\r\n3. Nêm gia vị vừa ăn.\r\n4. Dùng nóng.'),
(80, 'Đậu que xào tỏi', 'Nguyên liệu:\r\n- 300g đậu que\r\n- Tỏi băm, dầu ăn, muối\r\nCách làm:\r\n1. Chần sơ đậu que.\r\n2. Phi tỏi thơm, xào đậu nhanh lửa lớn.\r\n3. Nêm muối vừa ăn, xào 2–3 phút.\r\n4. Dọn nóng.'),
(81, 'Gà xào sả ớt', 'Nguyên liệu:\r\n- 400g thịt gà\r\n- 2 cây sả, 2 quả ớt\r\n- Tỏi, dầu ăn, muối, tiêu\r\nCách làm:\r\n1. Thịt gà thái miếng vừa ăn, ướp gia vị.\r\n2. Phi tỏi, xào gà, thêm sả và ớt.\r\n3. Xào lửa lớn đến khi gà chín đều.\r\n4. Nêm lại gia vị, dọn nóng.'),
(82, 'Cá rô phi sốt cà', 'Nguyên liệu:\r\n- 1 con cá rô phi\r\n- Cà chua, tỏi, hành\r\n- Nước mắm, đường, tiêu\r\nCách làm:\r\n1. Chiên cá vàng.\r\n2. Phi tỏi hành, cho cà chua vào nấu sốt.\r\n3. Cho cá vào rim nhỏ lửa 5–7 phút.\r\n4. Rắc tiêu trước khi dọn.'),
(83, 'Bò kho', 'Nguyên liệu:\r\n- 500g thịt bò\r\n- Cà rốt, khoai tây, hành, tỏi\r\n- Nước tương, gia vị bò kho\r\nCách làm:\r\n1. Thịt bò cắt miếng, ướp gia vị.\r\n2. Phi hành tỏi, xào bò săn.\r\n3. Thêm nước, đun lửa nhỏ 1 giờ.\r\n4. Cho cà rốt, khoai tây vào nấu chín.'),
(84, 'Canh rau muống nấu tôm', 'Nguyên liệu:\r\n- 1 bó rau muống\r\n- 150g tôm tươi\r\n- Hành, tỏi, muối, tiêu\r\nCách làm:\r\n1. Phi hành tỏi, xào tôm sơ.\r\n2. Thêm nước, đun sôi, cho rau muống vào.\r\n3. Nêm muối, tiêu vừa ăn.\r\n4. Dùng nóng.'),
(85, 'Chả cá Lã Vọng', 'Nguyên liệu:\r\n- 300g cá lăng hoặc cá thu\r\n- Thịt băm, thì là\r\n- Bột nghệ, bột nếp\r\nCách làm:\r\n1. Thái cá miếng vừa, trộn thịt băm và gia vị.\r\n2. Chiên vàng trên chảo, thêm thì là.\r\n3. Dọn nóng với bún và mắm tôm.'),
(86, 'Cá trê kho tiêu', 'Nguyên liệu:\r\n- 1 con cá trê\r\n- Hành, tỏi, nước mắm, tiêu\r\nCách làm:\r\n1. Cá trê cắt khúc, ướp gia vị.\r\n2. Kho lửa nhỏ đến khi cá thấm.\r\n3. Rắc tiêu và hành phi trước khi dùng.'),
(87, 'Gà chiên mắm tỏi', 'Nguyên liệu:\r\n- 1/2 con gà\r\n- Mắm, tỏi, đường, tiêu\r\nCách làm:\r\n1. Chiên gà vàng đều.\r\n2. Phi tỏi với mắm, đường, tiêu, cho gà vào rim.\r\n3. Rim đến khi sốt sệt, dọn nóng.'),
(88, 'Mực xào thập cẩm', 'Nguyên liệu:\r\n- 300g mực\r\n- Cà rốt, đậu Hà Lan, hành tây\r\n- Tỏi, dầu hào, nước tương\r\nCách làm:\r\n1. Xào mực nhanh lửa lớn.\r\n2. Thêm rau củ, đảo đều.\r\n3. Nêm gia vị vừa ăn, xào thêm 2–3 phút.'),
(89, 'Bò nấu tiêu xanh', 'Nguyên liệu:\r\n- 500g thịt bò\r\n- Hạt tiêu xanh, tỏi, hành, nước dừa\r\nCách làm:\r\n1. Phi tỏi, xào thịt bò săn.\r\n2. Thêm nước dừa và tiêu xanh, nấu lửa nhỏ 45 phút.\r\n3. Nêm gia vị vừa ăn.'),
(90, 'Canh chua tôm cá lóc', 'Nguyên liệu:\r\n- 1 con cá lóc\r\n- 200g tôm tươi\r\n- Me, cà chua, dứa, giá\r\n- Hành, ngò, ớt, gia vị\r\nCách làm:\r\n1. Nấu nước chua từ me và cà chua.\r\n2. Thêm cá và tôm nấu chín.\r\n3. Cho dứa, giá, nêm gia vị.\r\n4. Thêm hành, ngò và ớt trước khi dùng.'),
(91, 'Salad gà xé trộn rau củ', 'Nguyên liệu:\r\n- 200g gà luộc xé sợi\r\n- Xà lách, cà rốt, dưa leo\r\n- Sốt mayonnaise hoặc mè rang\r\nCách làm:\r\n1. Trộn rau củ với gà xé.\r\n2. Pha sốt vừa ăn, trộn đều.\r\n3. Dọn ngay để giữ độ tươi.'),
(92, 'Cá basa chiên giòn', 'Nguyên liệu:\r\n- 2 miếng cá basa\r\n- Muối, tiêu, bột chiên giòn\r\n- Dầu ăn\r\nCách làm:\r\n1. Ướp cá với muối và tiêu 15 phút.\r\n2. Lăn cá qua bột chiên giòn.\r\n3. Chiên ngập dầu đến khi vàng giòn.\r\n4. Dọn kèm rau sống và nước chấm.'),
(93, 'Gà sốt me', 'Nguyên liệu:\r\n- 1/2 con gà\r\n- 3 thìa nước cốt me\r\n- Đường, tỏi, ớt, nước mắm\r\nCách làm:\r\n1. Chiên hoặc áp chảo gà vàng.\r\n2. Pha sốt me, đường, tỏi, ớt, nước mắm.\r\n3. Rim gà trong sốt 10 phút đến khi sệt.\r\n4. Dọn nóng với cơm.'),
(94, 'Canh măng tây nấu tôm', 'Nguyên liệu:\r\n- 200g măng tây\r\n- 150g tôm\r\n- Hành, tỏi, muối, tiêu\r\nCách làm:\r\n1. Phi tỏi, xào tôm sơ.\r\n2. Thêm nước, nấu sôi, cho măng tây vào.\r\n3. Nêm gia vị vừa ăn.\r\n4. Dọn nóng.'),
(95, 'Bò xào sa tế', 'Nguyên liệu:\r\n- 300g thịt bò\r\n- Sa tế, tỏi, hành, ớt\r\n- Dầu ăn, nước tương\r\nCách làm:\r\n1. Ướp bò với sa tế, tỏi, hành, nước tương.\r\n2. Xào lửa lớn đến khi bò săn.\r\n3. Thêm ớt, đảo đều 2 phút.\r\n4. Dọn nóng kèm cơm.'),
(96, 'Đậu hũ chiên sả ớt', 'Nguyên liệu:\r\n- 3 miếng đậu hũ\r\n- Sả băm, ớt, tỏi\r\n- Dầu ăn, muối\r\nCách làm:\r\n1. Chiên đậu hũ vàng đều.\r\n2. Phi sả, tỏi, ớt, xào đậu hũ nhanh lửa.\r\n3. Nêm muối vừa ăn.\r\n4. Dọn nóng.'),
(97, 'Cá kho tộ', 'Nguyên liệu:\r\n- 1 con cá thu hoặc cá basa\r\n- Hành tím, tỏi, nước mắm, đường, tiêu\r\nCách làm:\r\n1. Ướp cá với gia vị 15 phút.\r\n2. Phi hành tỏi, cho cá vào kho nhỏ lửa 20–30 phút.\r\n3. Thêm nước đến khi sệt.\r\n4. Dọn nóng kèm cơm.'),
(98, 'Gỏi đu đủ tôm thịt', 'Nguyên liệu:\r\n- 1 quả đu đủ xanh bào sợi\r\n- 150g tôm, 100g thịt luộc\r\n- Rau thơm, nước mắm chua ngọt\r\nCách làm:\r\n1. Luộc tôm thịt, thái vừa ăn.\r\n2. Trộn đu đủ với tôm thịt, rau thơm.\r\n3. Chan nước mắm chua ngọt.\r\n4. Trộn đều và dùng ngay.'),
(99, 'Mì xào hải sản', 'Nguyên liệu:\r\n- 200g mì\r\n- Tôm, mực, nghêu\r\n- Cà rốt, hành tây, dầu hào, nước tương\r\nCách làm:\r\n1. Trụng mì, để ráo.\r\n2. Xào hải sản và rau củ.\r\n3. Cho mì vào đảo đều, nêm gia vị.\r\n4. Xào thêm 2–3 phút, dọn nóng.'),
(100, 'Bún gà nấu sả', 'Nguyên liệu:\r\n- 200g bún tươi\r\n- 300g gà xé\r\n- Sả, hành, tỏi, gia vị\r\nCách làm:\r\n1. Phi sả, hành, tỏi, xào gà sơ.\r\n2. Thêm nước, nấu sôi, cho bún vào trụng sơ.\r\n3. Chan nước dùng và gà lên bún.\r\n4. Thêm hành, rau sống trước khi ăn.'),
(101, 'Cháo hải sản', 'Nguyên liệu:\r\n- 100g tôm, 100g mực\r\n- 100g gạo\r\n- Hành, ngò, tiêu, muối\r\nCách làm:\r\n1. Nấu cháo từ gạo, khuấy đều.\r\n2. Xào sơ tôm, mực, cho vào cháo.\r\n3. Nêm muối, tiêu vừa ăn.\r\n4. Thêm hành, ngò trước khi dùng.'),
(102, 'Cá nướng muối ớt', 'Nguyên liệu:\r\n- 2 con cá nhỏ\r\n- Muối, ớt băm, dầu ăn\r\nCách làm:\r\n1. Ướp cá với muối, ớt 20 phút.\r\n2. Nướng than hoặc lò 15–20 phút.\r\n3. Dọn kèm rau sống và chanh.'),
(103, 'Gà rang muối', 'Nguyên liệu:\r\n- 1/2 con gà\r\n- Muối hột, tỏi, tiêu\r\nCách làm:\r\n1. Chiên gà vàng đều.\r\n2. Rang muối hột, tỏi, tiêu, trộn với gà.\r\n3. Dọn nóng.'),
(104, 'Bò nhúng mẻ', 'Nguyên liệu:\r\n- 300g thịt bò thái mỏng\r\n- Nước mẻ, rau sống, bún\r\nCách làm:\r\n1. Nấu nước mẻ, đun sôi.\r\n2. Nhúng bò và rau sống vào ăn kèm bún.\r\n3. Dọn nóng.'),
(105, 'Cá hồi sốt bơ chanh', 'Nguyên liệu:\r\n- 2 miếng cá hồi\r\n- Bơ, chanh, tỏi, muối, tiêu\r\nCách làm:\r\n1. Chiên cá hồi sơ vàng.\r\n2. Phi tỏi với bơ, thêm nước cốt chanh.\r\n3. Rưới sốt lên cá, dọn nóng.'),
(106, 'Canh bí xanh nấu tôm', 'Nguyên liệu:\r\n- 300g bí xanh\r\n- 150g tôm\r\n- Hành, tỏi, gia vị\r\nCách làm:\r\n1. Phi tỏi, xào tôm sơ.\r\n2. Thêm nước, nấu sôi, cho bí xanh vào.\r\n3. Nêm gia vị vừa ăn, dùng nóng.'),
(107, 'Mực xào me', 'Nguyên liệu:\r\n- 300g mực\r\n- Me chua, tỏi, ớt, đường, nước mắm\r\nCách làm:\r\n1. Xào mực sơ qua.\r\n2. Pha sốt me, thêm mực vào rim nhỏ lửa 5–7 phút.\r\n3. Dọn nóng.'),
(108, 'Gà hấp lá chanh', 'Nguyên liệu:\r\n- 1/2 con gà\r\n- Lá chanh, tỏi, muối, tiêu\r\nCách làm:\r\n1. Ướp gà với tỏi, muối, tiêu và lá chanh.\r\n2. Hấp chín 30–40 phút.\r\n3. Dọn nóng kèm rau thơm.'),
(109, 'Đậu hũ nhồi thịt chiên', 'Nguyên liệu:\r\n- 3 miếng đậu hũ\r\n- Thịt băm, hành, tỏi, tiêu\r\nCách làm:\r\n1. Nhồi thịt vào đậu hũ.\r\n2. Chiên vàng đều các mặt.\r\n3. Dọn nóng với nước chấm.'),
(110, 'Cá lóc nướng trui', 'Nguyên liệu:\r\n- 1 con cá lóc\r\n- Muối, ớt, rau sống\r\nCách làm:\r\n1. Làm sạch cá, xiên que.\r\n2. Nướng trui trên than hoa đến khi chín.\r\n3. Ăn kèm rau sống và mắm nêm.'),
(111, 'Salad bơ tôm', 'Nguyên liệu:\r\n- 1 quả bơ, 150g tôm luộc\r\n- Xà lách, cà chua, sốt mayonnaise\r\nCách làm:\r\n1. Cắt bơ, trộn với tôm, rau củ.\r\n2. Thêm sốt mayonnaise, trộn đều.\r\n3. Dọn ngay để giữ độ tươi.');

-- --------------------------------------------------------

--
-- Table structure for table `coupons`
--

CREATE TABLE `coupons` (
  `id` bigint(20) UNSIGNED NOT NULL,
  `name` varchar(255) NOT NULL,
  `discount` double DEFAULT NULL,
  `type` varchar(255) NOT NULL DEFAULT 'price',
  `discount_max` double DEFAULT NULL,
  `number_use` int(11) DEFAULT NULL,
  `start` date DEFAULT NULL,
  `end` date DEFAULT NULL,
  `created_at` timestamp NULL DEFAULT NULL,
  `updated_at` timestamp NULL DEFAULT NULL
) ENGINE=InnoDB DEFAULT CHARSET=utf8mb4 COLLATE=utf8mb4_unicode_ci;

--
-- Dumping data for table `coupons`
--

INSERT INTO `coupons` (`id`, `name`, `discount`, `type`, `discount_max`, `number_use`, `start`, `end`, `created_at`, `updated_at`) VALUES
(1, 'KMTET', 100, 'price', 200, 111, '2025-12-30', '2026-01-09', '2025-12-30 07:07:11', '2025-12-30 07:07:11');

-- --------------------------------------------------------

--
-- Table structure for table `migrations`
--

CREATE TABLE `migrations` (
  `id` int(10) UNSIGNED NOT NULL,
  `migration` varchar(255) NOT NULL,
  `batch` int(11) NOT NULL
) ENGINE=InnoDB DEFAULT CHARSET=utf8mb4 COLLATE=utf8mb4_unicode_ci;

--
-- Dumping data for table `migrations`
--

INSERT INTO `migrations` (`id`, `migration`, `batch`) VALUES
(1, '2019_12_14_000001_create_personal_access_tokens_table', 1),
(2, '2023_02_11_141113_create_admins_table', 1),
(3, '2023_04_15_064849_create_products_table', 1),
(4, '2023_04_15_064916_create_attributes_table', 1),
(5, '2023_04_15_064937_create_values_table', 1),
(6, '2023_04_16_075245_add_image_to_products_table', 1),
(7, '2023_05_04_044437_create_password_resets_table', 1),
(8, '2023_05_04_134006_create_admin_password_resets_table', 1),
(9, '2023_05_05_072726_add_image_to_admins_table', 1),
(10, '2023_05_06_112325_add_status_and_price_new_to_products_table', 1),
(11, '2023_05_06_115549_add_description_to_products_table', 1),
(12, '2023_05_08_024654_create_categories_table', 1),
(13, '2023_05_08_030044_add_category_id_to_products_table', 1),
(14, '2023_05_08_145112_create_users_table', 1),
(15, '2023_05_08_145412_create_carts_table', 1),
(16, '2023_05_08_145849_create_orders_table', 1),
(17, '2023_05_08_150321_create_order_products_table', 1),
(18, '2023_05_15_132307_drop_price_new_in_products_table', 1),
(19, '2023_05_22_065109_create_banners_table', 1),
(20, '2023_05_22_072119_add_status_to_banners_table', 1),
(21, '2023_05_23_135537_add_name_to_orders_table', 1),
(22, '2023_05_23_143206_add_email_to_orders_table', 1),
(23, '2023_05_24_093541_create_social_accounts_table', 1),
(24, '2023_05_25_022324_create_product_images_table', 1),
(25, '2023_05_26_031401_create_product_attr_config_table', 1),
(26, '2023_05_26_061449_add_type_to_products_table', 1),
(27, '2023_05_26_141224_modify_price_and_quantity_in_products_table', 1),
(28, '2023_05_26_152014_add_is_paid_to_orders_table', 1),
(29, '2023_05_27_140859_add_ship_code_to_orders_table', 1),
(30, '2023_05_31_220441_create_coupons_table', 1),
(31, '2023_06_02_233514_add_coupon_id_to_orders_table', 1),
(32, '2023_06_05_194829_add_is_same_price_to_products_table', 1),
(33, '2023_06_06_201416_create_city_table', 1),
(34, '2023_06_06_203154_add_city_id_to_orders_table', 1),
(35, '2025_12_27_234812_create_activity_logs_table', 2),
(36, '2025_12_27_234815_create_ai_suggestions_table', 2),
(37, '2025_12_27_234818_add_timestamps_to_carts_table', 2);

-- --------------------------------------------------------

--
-- Table structure for table `orders`
--

CREATE TABLE `orders` (
  `id` bigint(20) UNSIGNED NOT NULL,
  `note` text DEFAULT NULL,
  `user_id` bigint(20) UNSIGNED DEFAULT NULL,
  `address` text DEFAULT NULL,
  `phone` varchar(255) DEFAULT NULL,
  `payment_type` varchar(255) NOT NULL DEFAULT 'COD',
  `status` varchar(255) NOT NULL DEFAULT 'PENDING',
  `created_at` timestamp NULL DEFAULT NULL,
  `updated_at` timestamp NULL DEFAULT NULL,
  `name` varchar(255) NOT NULL,
  `email` varchar(255) NOT NULL,
  `payment_status` varchar(255) NOT NULL DEFAULT 'UNPAID' COMMENT 'unpaid, paid, refund',
  `payment_response` text DEFAULT NULL,
  `success_at` date DEFAULT NULL,
  `admin_note` text DEFAULT NULL,
  `ship_code` varchar(255) DEFAULT NULL,
  `coupon_id` bigint(20) UNSIGNED DEFAULT NULL,
  `discount` double DEFAULT NULL,
  `city_id` bigint(20) UNSIGNED DEFAULT NULL,
  `shipping_fee` double NOT NULL
) ENGINE=InnoDB DEFAULT CHARSET=utf8mb4 COLLATE=utf8mb4_unicode_ci;

--
-- Dumping data for table `orders`
--

INSERT INTO `orders` (`id`, `note`, `user_id`, `address`, `phone`, `payment_type`, `status`, `created_at`, `updated_at`, `name`, `email`, `payment_status`, `payment_response`, `success_at`, `admin_note`, `ship_code`, `coupon_id`, `discount`, `city_id`, `shipping_fee`) VALUES
(9001, NULL, 1, 'Test Address', '0123456789', 'COD', 'SUCCESS', '2025-12-01 18:11:20', '2025-12-23 18:11:20', 'Test User', 'test@example.com', 'UNPAID', NULL, NULL, NULL, NULL, NULL, NULL, 1, 30000),
(9002, NULL, 3, 'Test Address', '0123456789', 'COD', 'SUCCESS', '2025-12-15 18:11:20', '2025-12-05 18:11:20', 'Test User', 'test@example.com', 'UNPAID', NULL, NULL, NULL, NULL, NULL, NULL, 1, 30000),
(9003, NULL, 1, 'Test Address', '0123456789', 'COD', 'SUCCESS', '2025-11-29 18:11:20', '2025-11-29 18:11:20', 'Test User', 'test@example.com', 'UNPAID', NULL, NULL, NULL, NULL, NULL, NULL, 1, 30000),
(9004, NULL, 4, 'Test Address', '0123456789', 'COD', 'SUCCESS', '2025-12-22 18:11:20', '2025-12-05 18:11:20', 'Test User', 'test@example.com', 'UNPAID', NULL, NULL, NULL, NULL, NULL, NULL, 1, 30000),
(9005, NULL, 5, 'Test Address', '0123456789', 'COD', 'SUCCESS', '2025-11-30 18:11:20', '2025-12-01 18:11:20', 'Test User', 'test@example.com', 'UNPAID', NULL, NULL, NULL, NULL, NULL, NULL, 1, 30000),
(9006, NULL, 1, 'Test Address', '0123456789', 'COD', 'SUCCESS', '2025-11-29 18:11:20', '2025-12-10 18:11:20', 'Test User', 'test@example.com', 'UNPAID', NULL, NULL, NULL, NULL, NULL, NULL, 1, 30000),
(9007, NULL, 1, 'Test Address', '0123456789', 'COD', 'SUCCESS', '2025-12-20 18:11:20', '2025-11-29 18:11:20', 'Test User', 'test@example.com', 'UNPAID', NULL, NULL, NULL, NULL, NULL, NULL, 1, 30000),
(9008, NULL, 2, 'Test Address', '0123456789', 'COD', 'SUCCESS', '2025-11-28 18:11:20', '2025-12-10 18:11:20', 'Test User', 'test@example.com', 'UNPAID', NULL, NULL, NULL, NULL, NULL, NULL, 1, 30000),
(9009, NULL, 3, 'Test Address', '0123456789', 'COD', 'SUCCESS', '2025-12-04 18:11:20', '2025-12-02 18:11:20', 'Test User', 'test@example.com', 'UNPAID', NULL, NULL, NULL, NULL, NULL, NULL, 1, 30000),
(9010, NULL, 4, 'Test Address', '0123456789', 'COD', 'SUCCESS', '2025-12-06 18:11:20', '2025-12-22 18:11:20', 'Test User', 'test@example.com', 'UNPAID', NULL, NULL, NULL, NULL, NULL, NULL, 1, 30000),
(9011, NULL, 4, 'Test Address', '0123456789', 'COD', 'SUCCESS', '2025-12-14 18:11:20', '2025-12-04 18:11:20', 'Test User', 'test@example.com', 'UNPAID', NULL, NULL, NULL, NULL, NULL, NULL, 1, 30000),
(9012, NULL, 3, 'Test Address', '0123456789', 'COD', 'SUCCESS', '2025-12-04 18:11:20', '2025-12-25 18:11:20', 'Test User', 'test@example.com', 'UNPAID', NULL, NULL, NULL, NULL, NULL, NULL, 1, 30000),
(9013, NULL, 4, 'Test Address', '0123456789', 'COD', 'SUCCESS', '2025-12-05 18:11:20', '2025-12-24 18:11:20', 'Test User', 'test@example.com', 'UNPAID', NULL, NULL, NULL, NULL, NULL, NULL, 1, 30000),
(9014, NULL, 2, 'Test Address', '0123456789', 'COD', 'SUCCESS', '2025-12-14 18:11:20', '2025-12-11 18:11:20', 'Test User', 'test@example.com', 'UNPAID', NULL, NULL, NULL, NULL, NULL, NULL, 1, 30000),
(9015, NULL, 2, 'Test Address', '0123456789', 'COD', 'SUCCESS', '2025-11-27 18:11:20', '2025-12-14 18:11:20', 'Test User', 'test@example.com', 'UNPAID', NULL, NULL, NULL, NULL, NULL, NULL, 1, 30000),
(7916005423390427, 'r', 7, 'khu pho 3 an phu quan 2', '0364877525', 'COD', 'PENDING', '2025-12-30 06:32:13', NULL, 'demo098765', 'demo098765@gmail.com', 'UNPAID', NULL, NULL, NULL, NULL, NULL, NULL, 2, 46000),
(52861222658251035, 'a', 8, 'khu pho 3 an phu quan 2', '0364877525', 'ONLINE', 'SUCCESS', '2025-12-30 07:02:45', '2025-12-30 07:06:53', 'demo7788', 'demo7788@gmail.com', 'PAID', NULL, '2025-12-30', NULL, '23555', NULL, NULL, 1, 20000),
(87584696326032840, NULL, 5, '3/2 quan 10', '0912345678', 'COD', 'PENDING', '2025-12-30 03:38:00', NULL, 'Đỗ Anh Đài', 'doanhdaigr5.2004@gmail.com', 'UNPAID', NULL, NULL, NULL, NULL, NULL, NULL, 2, 46000),
(116579538798324060, 'dsfg', 7, 'demotknew', '0364877527', 'COD', 'PENDING', '2025-12-30 06:45:34', NULL, 'demo098765', 'demo098765@gmail.com', 'UNPAID', NULL, NULL, NULL, NULL, NULL, NULL, 1, 20000),
(152447728075946880, 'rghfhgfgh', 7, 'khu pho 3 an phu quan 2', '0364877525', 'COD', 'PENDING', '2025-12-30 06:32:48', NULL, 'demo098765', 'demo098765@gmail.com', 'UNPAID', NULL, NULL, NULL, NULL, NULL, NULL, 2, 46000),
(152703778356786225, NULL, 5, '3/2 quan 10', '0912345678', 'COD', 'PENDING', '2025-12-30 03:35:25', NULL, 'Đỗ Anh Đài', 'doanhdaigr5.2004@gmail.com', 'UNPAID', NULL, NULL, NULL, NULL, NULL, NULL, 2, 46000);

-- --------------------------------------------------------

--
-- Table structure for table `order_products`
--

CREATE TABLE `order_products` (
  `product_id` bigint(20) UNSIGNED NOT NULL,
  `order_id` bigint(20) UNSIGNED NOT NULL,
  `quantity` int(11) NOT NULL,
  `price` double NOT NULL
) ENGINE=InnoDB DEFAULT CHARSET=utf8mb4 COLLATE=utf8mb4_unicode_ci;

--
-- Dumping data for table `order_products`
--

INSERT INTO `order_products` (`product_id`, `order_id`, `quantity`, `price`) VALUES
(11, 9001, 3, 6000),
(11, 9002, 3, 6000),
(11, 9003, 3, 6000),
(11, 9004, 1, 6000),
(11, 9005, 1, 6000),
(11, 9006, 3, 6000),
(11, 9007, 3, 6000),
(11, 9008, 1, 6000),
(11, 9009, 3, 6000),
(11, 9010, 1, 6000),
(11, 9011, 2, 6000),
(11, 9012, 3, 6000),
(11, 9013, 3, 6000),
(11, 9014, 2, 6000),
(11, 9015, 2, 6000),
(12, 9002, 3, 2000),
(12, 9003, 3, 2000),
(12, 9005, 2, 2000),
(12, 9006, 2, 2000),
(12, 9007, 3, 2000),
(12, 9010, 1, 2000),
(12, 9011, 1, 2000),
(12, 9012, 3, 2000),
(12, 9013, 3, 2000),
(12, 9014, 3, 2000),
(12, 9015, 1, 2000),
(12, 87584696326032840, 2, 2000),
(12, 152703778356786225, 2, 2000),
(13, 9001, 1, 130000),
(13, 9002, 1, 130000),
(13, 9003, 2, 130000),
(13, 9004, 2, 130000),
(13, 9005, 3, 130000),
(13, 9006, 1, 130000),
(13, 9007, 1, 130000),
(13, 9008, 1, 130000),
(13, 9009, 1, 130000),
(13, 9010, 1, 130000),
(13, 9011, 1, 130000),
(13, 9015, 2, 130000),
(13, 52861222658251035, 1, 130000),
(15, 7916005423390427, 1, 78000),
(15, 52861222658251035, 1, 78000),
(15, 152447728075946880, 1, 78000),
(16, 116579538798324060, 1, 120000);

-- --------------------------------------------------------

--
-- Table structure for table `password_resets`
--

CREATE TABLE `password_resets` (
  `id` bigint(20) UNSIGNED NOT NULL,
  `email` varchar(255) NOT NULL,
  `token` varchar(255) NOT NULL,
  `created_at` timestamp NULL DEFAULT NULL,
  `updated_at` timestamp NULL DEFAULT NULL
) ENGINE=InnoDB DEFAULT CHARSET=utf8mb4 COLLATE=utf8mb4_unicode_ci;

--
-- Dumping data for table `password_resets`
--

INSERT INTO `password_resets` (`id`, `email`, `token`, `created_at`, `updated_at`) VALUES
(1, 'hoahuongduong05124@gmail.com', 'Xb1pX6iSDZp30w2l7p1IGVKYWWZrbLR6B9ooNb30xdUmgInAsXoNuWWHEFAuappv', '2024-04-05 05:46:35', NULL);

-- --------------------------------------------------------

--
-- Table structure for table `personal_access_tokens`
--

CREATE TABLE `personal_access_tokens` (
  `id` bigint(20) UNSIGNED NOT NULL,
  `tokenable_type` varchar(255) NOT NULL,
  `tokenable_id` bigint(20) UNSIGNED NOT NULL,
  `name` varchar(255) NOT NULL,
  `token` varchar(64) NOT NULL,
  `abilities` text DEFAULT NULL,
  `last_used_at` timestamp NULL DEFAULT NULL,
  `created_at` timestamp NULL DEFAULT NULL,
  `updated_at` timestamp NULL DEFAULT NULL
) ENGINE=InnoDB DEFAULT CHARSET=utf8mb4 COLLATE=utf8mb4_unicode_ci;

-- --------------------------------------------------------

--
-- Table structure for table `products`
--

CREATE TABLE `products` (
  `id` bigint(20) UNSIGNED NOT NULL,
  `name` varchar(255) DEFAULT NULL COMMENT 'ten san pham',
  `price` double DEFAULT 0 COMMENT 'gia goc cua san pham',
  `quantity` int(11) DEFAULT 0 COMMENT 'so luong',
  `parent_id` bigint(20) UNSIGNED DEFAULT NULL,
  `created_at` timestamp NULL DEFAULT NULL,
  `updated_at` timestamp NULL DEFAULT NULL,
  `image` text DEFAULT NULL,
  `status` tinyint(1) NOT NULL DEFAULT 1,
  `description` text DEFAULT NULL,
  `category_id` bigint(20) UNSIGNED DEFAULT NULL,
  `type` varchar(255) NOT NULL DEFAULT 'simple',
  `is_same_price` tinyint(1) NOT NULL DEFAULT 0
) ENGINE=InnoDB DEFAULT CHARSET=utf8mb4 COLLATE=utf8mb4_unicode_ci;

--
-- Dumping data for table `products`
--

INSERT INTO `products` (`id`, `name`, `price`, `quantity`, `parent_id`, `created_at`, `updated_at`, `image`, `status`, `description`, `category_id`, `type`, `is_same_price`) VALUES
(11, 'Cải bó xôi Organic 300gr', 4000, 1000, NULL, '2025-10-27 13:00:31', '2025-12-30 07:04:46', 'product_images/11/avatar.jpg', 1, 'Cải bó xôi có tác dụng bổ huyết, do đó có lợi với người bị thiếu máu. Ăn cải bó xôi có tác dụng tống đẩy chất thải qua đường tiêu hóa (thông tiện), giúp tiêu hóa nhanh hơn (tiết dịch), bảo vệ lớp niêm mạc tiêu hóa tránh vi khuẩn và chất độc tấn công (tiết nhầy). Ăn cải bó xôi thường xuyên làm giảm b', 9, 'simple', 0),
(12, 'ớt', 2000, 222, NULL, '2025-11-26 14:59:28', '2025-11-26 14:59:28', 'product_images/12/avatar.jpg', 1, 'ớt', 9, 'simple', 0),
(13, 'Cá Lóc Tươi Sống (1kg)', 130000, 222, NULL, '2025-11-26 15:17:05', '2025-12-30 05:52:43', 'product_images/13/avatar.jpg', 1, '🌟 Đặc điểm nổi bật:\r\nĐộ tươi: Cá được nhập mới mỗi ngày, đảm bảo lớp da bóng mượt, mang đỏ tươi và thịt có độ đàn hồi tốt.\r\n\r\nKích thước: Con lớn khoảng 1kg, thịt dày, ít hao khi chế biến, phù hợp cho bữa ăn từ 3-5 người.\r\n\r\nGiá trị dinh dưỡng: Chứa nhiều chất đạm, vitamin A và đặc biệt là axit béo Omega-3 giúp hỗ trợ tim mạch và bồi bổ sức khỏe cho người mới ốm dậy.\r\n\r\n🍲 Gợi ý món ngon (Dựa trên dữ liệu hệ thống):\r\nDựa vào bảng cong_thuc trong dữ liệu của bạn, 1kg cá lóc này rất hoàn hảo để chế biến các món:\r\n\r\nCanh chua cá lóc: Nấu cùng me, thơm, cà chua và bạc hà (chuẩn vị miền Tây).\r\n\r\nCá lóc kho tộ: Thịt cá săn chắc thấm đẫm nước mắm đường và tiêu xanh, ăn cực kỳ \"bắt\" cơm.\r\n\r\nCá lóc nướng trui: Cuốn bánh tráng kèm rau sống và mắm nêm.\r\n\r\nCháo cá lóc: Món ăn bổ dưỡng, giải cảm và dễ tiêu hóa cho trẻ em, người già.\r\n\r\n📝 Thông tin sản phẩm:\r\nĐơn vị tính: Con (nặng khoảng 1kg).\r\n\r\nQuy cách: Hỗ trợ làm sạch, đánh vảy và cắt khúc miễn phí theo yêu cầu.\r\n\r\nBảo quản: Nên chế biến ngay để giữ độ ngọt. Nếu chưa dùng hết, bảo quản ngăn mát tủ lạnh (dùng trong ngày) hoặc ngăn đá (tối đa 3 ngày).\r\n\r\nXuất xứ: Miền Tây/Đồng bằng sông Cửu Long.\r\n\r\nMẹo bán hàng: Bạn có thể thiết lập tính năng AI S', 10, 'simple', 0),
(14, 'Thịt heo ba chỉ', 120000, 11, NULL, '2025-12-30 05:45:34', '2025-12-30 06:56:38', 'product_images/14/avatar.jpg', 1, 'Ba rọi heo C.P', 10, 'simple', 0),
(15, 'Thịt heo xay C.P 100g', 78000, 777, NULL, '2025-12-30 05:46:24', '2025-12-30 05:46:24', 'product_images/15/avatar.jpg', 1, 'Thịt heo xay C.P 100g', 10, 'simple', 0),
(16, 'Cá hồi Coho cắt khúc nhập khẩu Chi Lê 200g (chỉ giao khúc giữa)', 120000, 111, NULL, '2025-12-30 05:47:17', '2025-12-30 07:05:40', 'product_images/16/avatar.jpg', 1, 'Cá hồi Coho cắt khúc nhập khẩu Chi Lê 200g (chỉ giao khúc giữa)', 10, 'simple', 0),
(17, 'Rau mồng tơi 400gr', 12900, 222, NULL, '2025-12-30 05:48:12', '2025-12-30 05:48:12', 'product_images/17/avatar.jpg', 1, 'Rau mồng tơi 400gr', 9, 'simple', 0),
(18, 'Cà chua 300g', 4000, 11, NULL, '2025-12-30 05:49:27', '2025-12-30 05:49:27', 'product_images/18/avatar.jpg', 1, 'Cà chua 300g', 9, 'simple', 0),
(19, 'Thùng 24 bịch sữa dinh dưỡng ít đường Dutch Lady 180ml', 450000, 555, NULL, '2025-12-30 05:50:30', '2025-12-30 05:50:30', 'product_images/19/avatar.jpg', 1, 'Thùng 24 bịch sữa dinh dưỡng ít đường Dutch Lady 180ml', 12, 'simple', 0);

-- --------------------------------------------------------

--
-- Table structure for table `product_attr_config`
--

CREATE TABLE `product_attr_config` (
  `product_id` bigint(20) UNSIGNED NOT NULL COMMENT 'id product trong table product',
  `attribute_id` bigint(20) UNSIGNED NOT NULL COMMENT 'id attribute trong table attribute',
  `is_private` tinyint(1) NOT NULL DEFAULT 0
) ENGINE=InnoDB DEFAULT CHARSET=utf8mb4 COLLATE=utf8mb4_unicode_ci;

-- --------------------------------------------------------

--
-- Table structure for table `product_images`
--

CREATE TABLE `product_images` (
  `id` bigint(20) UNSIGNED NOT NULL,
  `image` text NOT NULL,
  `product_id` bigint(20) UNSIGNED DEFAULT NULL,
  `created_at` timestamp NULL DEFAULT NULL,
  `updated_at` timestamp NULL DEFAULT NULL
) ENGINE=InnoDB DEFAULT CHARSET=utf8mb4 COLLATE=utf8mb4_unicode_ci;

--
-- Dumping data for table `product_images`
--

INSERT INTO `product_images` (`id`, `image`, `product_id`, `created_at`, `updated_at`) VALUES
(20, 'product_images/11/10396786322962.jpg', 11, '2025-10-27 13:00:31', NULL),
(21, 'product_images/12/15678171396016.jpg', 12, '2025-11-26 14:59:28', NULL),
(23, 'product_images/15/9902680364736.jpg', 15, '2025-12-30 05:46:24', NULL),
(25, 'product_images/17/3288524140812.jpg', 17, '2025-12-30 05:48:12', NULL),
(26, 'product_images/18/12602770106244.jpg', 18, '2025-12-30 05:49:27', NULL),
(27, 'product_images/19/9595210896900.jpg', 19, '2025-12-30 05:50:30', NULL),
(28, 'product_images/13/15468965472102.jpg', 13, '2025-12-30 05:52:43', NULL),
(29, 'product_images/13/12388955554593.jpg', 13, '2025-12-30 05:52:43', NULL),
(30, 'product_images/13/4638569152875.jpg', 13, '2025-12-30 05:52:43', NULL),
(31, 'product_images/14/2500415084170.jpg', 14, '2025-12-30 06:56:38', NULL),
(32, 'product_images/16/14571327991640.jpg', 16, '2025-12-30 07:05:40', NULL),
(33, 'product_images/16/4877136218400.jpg', 16, '2025-12-30 07:05:40', NULL);

-- --------------------------------------------------------

--
-- Table structure for table `social_accounts`
--

CREATE TABLE `social_accounts` (
  `user_id` bigint(20) UNSIGNED NOT NULL,
  `provider_user_id` varchar(255) NOT NULL,
  `provider` varchar(255) NOT NULL,
  `created_at` timestamp NULL DEFAULT NULL,
  `updated_at` timestamp NULL DEFAULT NULL
) ENGINE=InnoDB DEFAULT CHARSET=utf8mb4 COLLATE=utf8mb4_unicode_ci;

--
-- Dumping data for table `social_accounts`
--

INSERT INTO `social_accounts` (`user_id`, `provider_user_id`, `provider`, `created_at`, `updated_at`) VALUES
(2, '101935641887094069462', 'google', '2024-04-05 04:06:04', '2024-04-05 04:06:04'),
(3, '116502944875999347683', 'google', '2025-10-27 08:52:41', '2025-10-27 08:52:41');

-- --------------------------------------------------------

--
-- Table structure for table `users`
--

CREATE TABLE `users` (
  `id` bigint(20) UNSIGNED NOT NULL,
  `name` varchar(255) NOT NULL,
  `email` varchar(255) NOT NULL,
  `password` varchar(255) NOT NULL,
  `address` text DEFAULT NULL,
  `phone` varchar(255) DEFAULT NULL,
  `status` tinyint(1) NOT NULL DEFAULT 1,
  `remember_token` varchar(100) DEFAULT NULL,
  `created_at` timestamp NULL DEFAULT NULL,
  `updated_at` timestamp NULL DEFAULT NULL
) ENGINE=InnoDB DEFAULT CHARSET=utf8mb4 COLLATE=utf8mb4_unicode_ci;

--
-- Dumping data for table `users`
--

INSERT INTO `users` (`id`, `name`, `email`, `password`, `address`, `phone`, `status`, `remember_token`, `created_at`, `updated_at`) VALUES
(1, 'democode', 'democode@gmail.com', '$2y$10$7IzXHVrwoMKmHTG1oSn6SefRHfUFPLReCJhB1rF/57zuyJBiC7W9C', NULL, NULL, 0, NULL, '2024-04-03 14:04:54', '2024-04-05 04:27:01'),
(2, 'muoi hoa', 'hoahuongduong05124@gmail.com', '$2y$10$FES778pFdRWe6zzotgsLGeS5rGKSu5sxgSoT/Er0SMHULGj8r5OnC', NULL, NULL, 1, 'FF7kgbDJnWeK6VwGyyNDzjJdgpiLp3N6LKLEYUEdTkmavESVaI10bIrzOnfC', '2024-04-05 04:06:04', '2024-04-05 04:22:50'),
(3, 'Thanh Nhan Do', 'dothanhnhan20k@gmail.com', '', NULL, NULL, 1, 'Gkt5o361aENWkzeSZp2uhtRGMcQnTf87ZLvWrmai78ouQTdKEemXhVKZZNDh', '2025-10-27 08:52:41', '2025-10-27 08:52:41'),
(4, 'demo123', 'demo123@gmail.com', '$2y$10$IzrVfoQpEcmv6ifL0JQlp.kGjpsCrr17ec4sazE9hq5agAL7lXG92', NULL, NULL, 1, NULL, '2025-10-27 08:53:20', '2025-10-27 08:53:20'),
(5, 'Đỗ Anh Đài', 'doanhdaigr5.2004@gmail.com', '$2y$10$piofYvwvQCGXbfEtkQNYGON4OITwFGu6hzLb0mCxM91tXgAqlmrwq', NULL, NULL, 1, NULL, '2025-12-27 17:27:25', '2025-12-27 17:27:25'),
(6, 'Đỗ Anh Đài', 'daido7881@gmail.com', '$2y$10$diYtGeL4RmiGMhkDrYJhh.HSBgikb6Hmb4GD/EKSfp9FXhAcAS03e', NULL, NULL, 1, NULL, '2025-12-29 10:30:53', '2025-12-29 10:30:53'),
(7, 'demo098765', 'demo098765@gmail.com', '$2y$10$XI3gUc1HO1bmXe/BBIcgTuxutHH.rhXnpKPCTx/.Dh6c11qA6G3Om', NULL, NULL, 1, NULL, '2025-12-30 06:14:25', '2025-12-30 06:14:25'),
(8, 'demo7788', 'demo7788@gmail.com', '$2y$10$VQMPeCUGbaHRz2umpKLrdOB7YZZ2xh5CMFi8zMo4bg5orC02Mb2Ke', NULL, NULL, 1, NULL, '2025-12-30 07:00:00', '2025-12-30 07:00:00');

-- --------------------------------------------------------

--
-- Table structure for table `values`
--

CREATE TABLE `values` (
  `product_id` bigint(20) UNSIGNED NOT NULL COMMENT 'id product trong table product',
  `attribute_id` bigint(20) UNSIGNED NOT NULL COMMENT 'id attribute trong table attribute',
  `text_value` varchar(255) DEFAULT NULL
) ENGINE=InnoDB DEFAULT CHARSET=utf8mb4 COLLATE=utf8mb4_unicode_ci;

--
-- Indexes for dumped tables
--

--
-- Indexes for table `activity_logs`
--
ALTER TABLE `activity_logs`
  ADD PRIMARY KEY (`id`),
  ADD KEY `activity_logs_user_id_foreign` (`user_id`),
  ADD KEY `activity_logs_activity_type_created_at_index` (`activity_type`,`created_at`),
  ADD KEY `activity_logs_product_id_activity_type_index` (`product_id`,`activity_type`);

--
-- Indexes for table `admins`
--
ALTER TABLE `admins`
  ADD PRIMARY KEY (`id`),
  ADD UNIQUE KEY `admins_email_unique` (`email`);

--
-- Indexes for table `admin_password_resets`
--
ALTER TABLE `admin_password_resets`
  ADD PRIMARY KEY (`id`),
  ADD KEY `admin_password_resets_email_index` (`email`);

--
-- Indexes for table `ai_suggestions`
--
ALTER TABLE `ai_suggestions`
  ADD PRIMARY KEY (`id`),
  ADD KEY `ai_suggestions_product_id_foreign` (`product_id`),
  ADD KEY `ai_suggestions_suggestion_type_is_active_index` (`suggestion_type`,`is_active`),
  ADD KEY `ai_suggestions_priority_created_at_index` (`priority`,`created_at`);

--
-- Indexes for table `attributes`
--
ALTER TABLE `attributes`
  ADD PRIMARY KEY (`id`);

--
-- Indexes for table `banners`
--
ALTER TABLE `banners`
  ADD PRIMARY KEY (`id`);

--
-- Indexes for table `carts`
--
ALTER TABLE `carts`
  ADD PRIMARY KEY (`product_id`,`user_id`),
  ADD KEY `carts_user_id_foreign` (`user_id`);

--
-- Indexes for table `categories`
--
ALTER TABLE `categories`
  ADD PRIMARY KEY (`id`);

--
-- Indexes for table `city`
--
ALTER TABLE `city`
  ADD PRIMARY KEY (`id`);

--
-- Indexes for table `cong_thuc`
--
ALTER TABLE `cong_thuc`
  ADD PRIMARY KEY (`id`);

--
-- Indexes for table `coupons`
--
ALTER TABLE `coupons`
  ADD PRIMARY KEY (`id`);

--
-- Indexes for table `migrations`
--
ALTER TABLE `migrations`
  ADD PRIMARY KEY (`id`);

--
-- Indexes for table `orders`
--
ALTER TABLE `orders`
  ADD PRIMARY KEY (`id`),
  ADD KEY `orders_user_id_foreign` (`user_id`),
  ADD KEY `orders_coupon_id_foreign` (`coupon_id`),
  ADD KEY `orders_city_id_foreign` (`city_id`);

--
-- Indexes for table `order_products`
--
ALTER TABLE `order_products`
  ADD PRIMARY KEY (`product_id`,`order_id`),
  ADD KEY `order_products_order_id_foreign` (`order_id`);

--
-- Indexes for table `password_resets`
--
ALTER TABLE `password_resets`
  ADD PRIMARY KEY (`id`),
  ADD KEY `password_resets_email_index` (`email`);

--
-- Indexes for table `personal_access_tokens`
--
ALTER TABLE `personal_access_tokens`
  ADD PRIMARY KEY (`id`),
  ADD UNIQUE KEY `personal_access_tokens_token_unique` (`token`),
  ADD KEY `personal_access_tokens_tokenable_type_tokenable_id_index` (`tokenable_type`,`tokenable_id`);

--
-- Indexes for table `products`
--
ALTER TABLE `products`
  ADD PRIMARY KEY (`id`),
  ADD KEY `products_parent_id_foreign` (`parent_id`),
  ADD KEY `products_category_id_foreign` (`category_id`);

--
-- Indexes for table `product_attr_config`
--
ALTER TABLE `product_attr_config`
  ADD KEY `product_attr_config_product_id_foreign` (`product_id`),
  ADD KEY `product_attr_config_attribute_id_foreign` (`attribute_id`);

--
-- Indexes for table `product_images`
--
ALTER TABLE `product_images`
  ADD PRIMARY KEY (`id`),
  ADD KEY `product_images_product_id_foreign` (`product_id`);

--
-- Indexes for table `social_accounts`
--
ALTER TABLE `social_accounts`
  ADD KEY `social_accounts_user_id_foreign` (`user_id`);

--
-- Indexes for table `users`
--
ALTER TABLE `users`
  ADD PRIMARY KEY (`id`),
  ADD UNIQUE KEY `users_email_unique` (`email`);

--
-- Indexes for table `values`
--
ALTER TABLE `values`
  ADD PRIMARY KEY (`product_id`,`attribute_id`),
  ADD KEY `values_attribute_id_foreign` (`attribute_id`);

--
-- AUTO_INCREMENT for dumped tables
--

--
-- AUTO_INCREMENT for table `activity_logs`
--
ALTER TABLE `activity_logs`
  MODIFY `id` bigint(20) UNSIGNED NOT NULL AUTO_INCREMENT, AUTO_INCREMENT=651;

--
-- AUTO_INCREMENT for table `admins`
--
ALTER TABLE `admins`
  MODIFY `id` bigint(20) UNSIGNED NOT NULL AUTO_INCREMENT, AUTO_INCREMENT=6;

--
-- AUTO_INCREMENT for table `admin_password_resets`
--
ALTER TABLE `admin_password_resets`
  MODIFY `id` bigint(20) UNSIGNED NOT NULL AUTO_INCREMENT;

--
-- AUTO_INCREMENT for table `ai_suggestions`
--
ALTER TABLE `ai_suggestions`
  MODIFY `id` bigint(20) UNSIGNED NOT NULL AUTO_INCREMENT, AUTO_INCREMENT=10;

--
-- AUTO_INCREMENT for table `attributes`
--
ALTER TABLE `attributes`
  MODIFY `id` bigint(20) UNSIGNED NOT NULL AUTO_INCREMENT, AUTO_INCREMENT=2;

--
-- AUTO_INCREMENT for table `banners`
--
ALTER TABLE `banners`
  MODIFY `id` bigint(20) UNSIGNED NOT NULL AUTO_INCREMENT, AUTO_INCREMENT=8;

--
-- AUTO_INCREMENT for table `categories`
--
ALTER TABLE `categories`
  MODIFY `id` bigint(20) UNSIGNED NOT NULL AUTO_INCREMENT, AUTO_INCREMENT=15;

--
-- AUTO_INCREMENT for table `city`
--
ALTER TABLE `city`
  MODIFY `id` bigint(20) UNSIGNED NOT NULL AUTO_INCREMENT, AUTO_INCREMENT=4;

--
-- AUTO_INCREMENT for table `cong_thuc`
--
ALTER TABLE `cong_thuc`
  MODIFY `id` int(11) NOT NULL AUTO_INCREMENT, AUTO_INCREMENT=112;

--
-- AUTO_INCREMENT for table `coupons`
--
ALTER TABLE `coupons`
  MODIFY `id` bigint(20) UNSIGNED NOT NULL AUTO_INCREMENT, AUTO_INCREMENT=2;

--
-- AUTO_INCREMENT for table `migrations`
--
ALTER TABLE `migrations`
  MODIFY `id` int(10) UNSIGNED NOT NULL AUTO_INCREMENT, AUTO_INCREMENT=38;

--
-- AUTO_INCREMENT for table `orders`
--
ALTER TABLE `orders`
  MODIFY `id` bigint(20) UNSIGNED NOT NULL AUTO_INCREMENT, AUTO_INCREMENT=152703778356786226;

--
-- AUTO_INCREMENT for table `password_resets`
--
ALTER TABLE `password_resets`
  MODIFY `id` bigint(20) UNSIGNED NOT NULL AUTO_INCREMENT, AUTO_INCREMENT=2;

--
-- AUTO_INCREMENT for table `personal_access_tokens`
--
ALTER TABLE `personal_access_tokens`
  MODIFY `id` bigint(20) UNSIGNED NOT NULL AUTO_INCREMENT;

--
-- AUTO_INCREMENT for table `products`
--
ALTER TABLE `products`
  MODIFY `id` bigint(20) UNSIGNED NOT NULL AUTO_INCREMENT, AUTO_INCREMENT=20;

--
-- AUTO_INCREMENT for table `product_images`
--
ALTER TABLE `product_images`
  MODIFY `id` bigint(20) UNSIGNED NOT NULL AUTO_INCREMENT, AUTO_INCREMENT=34;

--
-- AUTO_INCREMENT for table `users`
--
ALTER TABLE `users`
  MODIFY `id` bigint(20) UNSIGNED NOT NULL AUTO_INCREMENT, AUTO_INCREMENT=9;

--
-- Constraints for dumped tables
--

--
-- Constraints for table `activity_logs`
--
ALTER TABLE `activity_logs`
  ADD CONSTRAINT `activity_logs_product_id_foreign` FOREIGN KEY (`product_id`) REFERENCES `products` (`id`) ON DELETE CASCADE,
  ADD CONSTRAINT `activity_logs_user_id_foreign` FOREIGN KEY (`user_id`) REFERENCES `users` (`id`) ON DELETE CASCADE;

--
-- Constraints for table `ai_suggestions`
--
ALTER TABLE `ai_suggestions`
  ADD CONSTRAINT `ai_suggestions_product_id_foreign` FOREIGN KEY (`product_id`) REFERENCES `products` (`id`) ON DELETE CASCADE;

--
-- Constraints for table `carts`
--
ALTER TABLE `carts`
  ADD CONSTRAINT `carts_product_id_foreign` FOREIGN KEY (`product_id`) REFERENCES `products` (`id`),
  ADD CONSTRAINT `carts_user_id_foreign` FOREIGN KEY (`user_id`) REFERENCES `users` (`id`);

--
-- Constraints for table `orders`
--
ALTER TABLE `orders`
  ADD CONSTRAINT `orders_city_id_foreign` FOREIGN KEY (`city_id`) REFERENCES `city` (`id`),
  ADD CONSTRAINT `orders_coupon_id_foreign` FOREIGN KEY (`coupon_id`) REFERENCES `coupons` (`id`),
  ADD CONSTRAINT `orders_user_id_foreign` FOREIGN KEY (`user_id`) REFERENCES `users` (`id`);

--
-- Constraints for table `order_products`
--
ALTER TABLE `order_products`
  ADD CONSTRAINT `order_products_order_id_foreign` FOREIGN KEY (`order_id`) REFERENCES `orders` (`id`),
  ADD CONSTRAINT `order_products_product_id_foreign` FOREIGN KEY (`product_id`) REFERENCES `products` (`id`);

--
-- Constraints for table `products`
--
ALTER TABLE `products`
  ADD CONSTRAINT `products_category_id_foreign` FOREIGN KEY (`category_id`) REFERENCES `categories` (`id`),
  ADD CONSTRAINT `products_parent_id_foreign` FOREIGN KEY (`parent_id`) REFERENCES `products` (`id`);

--
-- Constraints for table `product_attr_config`
--
ALTER TABLE `product_attr_config`
  ADD CONSTRAINT `product_attr_config_attribute_id_foreign` FOREIGN KEY (`attribute_id`) REFERENCES `attributes` (`id`),
  ADD CONSTRAINT `product_attr_config_product_id_foreign` FOREIGN KEY (`product_id`) REFERENCES `products` (`id`);

--
-- Constraints for table `product_images`
--
ALTER TABLE `product_images`
  ADD CONSTRAINT `product_images_product_id_foreign` FOREIGN KEY (`product_id`) REFERENCES `products` (`id`);

--
-- Constraints for table `social_accounts`
--
ALTER TABLE `social_accounts`
  ADD CONSTRAINT `social_accounts_user_id_foreign` FOREIGN KEY (`user_id`) REFERENCES `users` (`id`);

--
-- Constraints for table `values`
--
ALTER TABLE `values`
  ADD CONSTRAINT `values_attribute_id_foreign` FOREIGN KEY (`attribute_id`) REFERENCES `attributes` (`id`),
  ADD CONSTRAINT `values_product_id_foreign` FOREIGN KEY (`product_id`) REFERENCES `products` (`id`);
COMMIT;

/*!40101 SET CHARACTER_SET_CLIENT=@OLD_CHARACTER_SET_CLIENT */;
/*!40101 SET CHARACTER_SET_RESULTS=@OLD_CHARACTER_SET_RESULTS */;
/*!40101 SET COLLATION_CONNECTION=@OLD_COLLATION_CONNECTION */;
